00000_0_0.1800.png,48.85,0.997
00000_0_0.5620.png,44.03,0.992
00000_0_0.9530.png,31.45,0.913
00000_1_0.2340.png,48.19,0.997
00000_1_0.6080.png,46.67,0.996
00000_1_0.8580.png,42.47,0.988
00000_2_0.3510.png,49.09,0.998
00000_2_0.5190.png,48.26,0.997
00000_2_0.7630.png,43.39,0.990
00001_0_0.2400.png,45.61,0.997
00001_0_0.5530.png,39.32,0.987
00001_0_0.7880.png,38.28,0.980
00001_1_0.1030.png,43.87,0.997
00001_1_0.4360.png,41.09,0.991
00001_1_0.7950.png,39.56,0.985
00001_2_0.1200.png,41.72,0.997
00001_2_0.4070.png,40.50,0.989
00001_2_0.7140.png,39.62,0.984
00002_0_0.1480.png,46.12,0.998
00002_0_0.6940.png,43.94,0.992
00002_0_0.8680.png,40.27,0.980
00002_1_0.2100.png,44.83,0.996
00002_1_0.4210.png,42.95,0.991
00002_1_0.7510.png,42.21,0.989
00002_2_0.2940.png,45.34,0.995
00002_2_0.5500.png,42.71,0.989
00002_2_0.7120.png,44.20,0.994
00003_0_0.3100.png,46.69,0.997
00003_0_0.6300.png,45.36,0.995
00003_0_0.7510.png,39.01,0.978
00003_1_0.1660.png,50.39,0.999
00003_1_0.6540.png,43.19,0.992
00003_1_0.8130.png,39.21,0.980
00003_2_0.2960.png,47.67,0.997
00003_2_0.5760.png,45.36,0.995
00003_2_0.8160.png,35.89,0.958
00004_0_0.1060.png,49.91,0.999
00004_0_0.6650.png,40.69,0.987
00004_0_0.8460.png,39.49,0.984
00004_1_0.2990.png,47.60,0.998
00004_1_0.6720.png,42.33,0.991
00004_1_0.9880.png,31.15,0.897
00004_2_0.3030.png,45.79,0.996
00004_2_0.5550.png,43.94,0.994
00004_2_0.9650.png,37.87,0.979
00005_0_0.3380.png,46.42,0.995
00005_0_0.4130.png,45.65,0.996
00005_0_0.7600.png,41.41,0.981
00005_1_0.2370.png,47.29,0.997
00005_1_0.4070.png,45.18,0.992
00005_1_0.7650.png,38.69,0.977
00005_2_0.1490.png,46.59,0.998
00005_2_0.5110.png,44.02,0.990
00005_2_0.9550.png,40.38,0.975
00006_0_0.3020.png,47.16,0.995
00006_0_0.4490.png,45.15,0.991
00006_0_0.7730.png,42.29,0.982
00006_1_0.1220.png,49.03,0.998
00006_1_0.5600.png,44.48,0.990
00006_1_0.7540.png,42.63,0.980
00006_2_0.2900.png,47.28,0.995
00006_2_0.4310.png,44.91,0.990
00006_2_0.7330.png,43.81,0.988
00007_0_0.1310.png,50.55,0.999
00007_0_0.5260.png,44.78,0.994
00007_0_0.9780.png,35.98,0.950
00007_1_0.1560.png,49.02,0.998
00007_1_0.4360.png,44.87,0.995
00007_1_0.8150.png,38.20,0.972
00007_2_0.2780.png,45.56,0.996
00007_2_0.5090.png,43.49,0.993
00007_2_0.7270.png,41.99,0.989
00008_0_0.3400.png,43.72,0.992
00008_0_0.6150.png,41.34,0.985
00008_0_0.7540.png,35.30,0.924
00008_1_0.1540.png,45.39,0.998
00008_1_0.4300.png,41.81,0.993
00008_1_0.7280.png,36.24,0.947
00008_2_0.2730.png,43.32,0.994
00008_2_0.5260.png,39.85,0.977
00008_2_0.8760.png,35.48,0.928
00009_0_0.3660.png,43.90,0.999
00009_0_0.5760.png,48.37,0.999
00009_0_0.8880.png,44.79,0.998
00009_1_0.1700.png,51.51,0.999
00009_1_0.4720.png,48.15,0.999
00009_1_0.9530.png,47.22,0.999
00009_2_0.2710.png,48.11,0.999
00009_2_0.5850.png,48.30,0.999
00009_2_0.7780.png,46.79,0.998
00010_0_0.1940.png,49.74,0.999
00010_0_0.4930.png,46.70,0.999
00010_0_0.7620.png,44.53,0.998
00010_1_0.2550.png,49.46,0.999
00010_1_0.4420.png,46.31,0.999
00010_1_0.9550.png,44.85,0.999
00010_2_0.1140.png,51.89,0.999
00010_2_0.5930.png,46.32,0.999
00010_2_0.8260.png,47.93,0.999
00011_0_0.2800.png,46.37,0.996
00011_0_0.4880.png,45.19,0.995
00011_0_0.8580.png,32.54,0.918
00011_1_0.2740.png,45.12,0.995
00011_1_0.6930.png,38.55,0.974
00011_1_0.8460.png,35.61,0.942
00011_2_0.3310.png,43.10,0.992
00011_2_0.6760.png,38.12,0.970
00011_2_0.7680.png,42.70,0.990
00012_0_0.2560.png,42.76,0.991
00012_0_0.6750.png,38.03,0.965
00012_0_0.9810.png,30.78,0.802
00012_1_0.3590.png,41.68,0.988
00012_1_0.4870.png,37.78,0.962
00012_1_0.7080.png,36.38,0.952
00012_2_0.3610.png,43.45,0.994
00012_2_0.4340.png,36.92,0.957
00012_2_0.7420.png,35.89,0.942
00013_0_0.3050.png,46.92,0.997
00013_0_0.6920.png,40.44,0.982
00013_0_0.9800.png,33.27,0.908
00013_1_0.2360.png,46.35,0.996
00013_1_0.4020.png,41.63,0.986
00013_1_0.8010.png,38.15,0.967
00013_2_0.1510.png,48.25,0.998
00013_2_0.4590.png,40.84,0.984
00013_2_0.9220.png,32.00,0.889
00014_0_0.2410.png,43.52,0.994
00014_0_0.5970.png,38.91,0.983
00014_0_0.7560.png,38.73,0.981
00014_1_0.3420.png,42.33,0.992
00014_1_0.6450.png,36.56,0.962
00014_1_0.8350.png,36.35,0.962
00014_2_0.3760.png,42.47,0.993
00014_2_0.6420.png,39.44,0.982
00014_2_0.8170.png,37.05,0.971
00015_0_0.3490.png,39.54,0.986
00015_0_0.5540.png,37.44,0.977
00015_0_0.8590.png,29.16,0.839
00015_1_0.1700.png,43.63,0.996
00015_1_0.5170.png,40.10,0.990
00015_1_0.8260.png,33.24,0.942
00015_2_0.3650.png,37.84,0.979
00015_2_0.4220.png,36.63,0.973
00015_2_0.8710.png,36.26,0.971
00016_0_0.1330.png,43.20,0.997
00016_0_0.4290.png,43.70,0.993
00016_0_0.8360.png,37.61,0.969
00016_1_0.3220.png,40.26,0.986
00016_1_0.4420.png,42.02,0.994
00016_1_0.7740.png,37.26,0.963
00016_2_0.2230.png,41.03,0.994
00016_2_0.4370.png,40.97,0.986
00016_2_0.7170.png,39.81,0.987
00017_0_0.1380.png,48.17,0.998
00017_0_0.4440.png,39.78,0.979
00017_0_0.8300.png,36.39,0.951
00017_1_0.3090.png,44.63,0.996
00017_1_0.5240.png,38.32,0.972
00017_1_0.9980.png,30.50,0.800
00017_2_0.3860.png,41.18,0.985
00017_2_0.5930.png,38.89,0.975
00017_2_0.8680.png,32.50,0.869
00018_0_0.3470.png,47.22,0.997
00018_0_0.4140.png,40.33,0.985
00018_0_0.9770.png,28.50,0.749
00018_1_0.3890.png,39.94,0.984
00018_1_0.6220.png,40.62,0.985
00018_1_0.7890.png,36.41,0.959
00018_2_0.2520.png,45.13,0.995
00018_2_0.5210.png,43.63,0.994
00018_2_0.7550.png,37.62,0.973
00019_0_0.2670.png,41.45,0.990
00019_0_0.4450.png,39.92,0.987
00019_0_0.7520.png,34.10,0.935
00019_1_0.2820.png,40.99,0.988
00019_1_0.5240.png,38.24,0.979
00019_1_0.9960.png,32.87,0.914
00019_2_0.3700.png,40.88,0.988
00019_2_0.6230.png,36.36,0.965
00019_2_0.9300.png,30.48,0.854
00020_0_0.2280.png,44.41,0.996
00020_0_0.5280.png,38.00,0.975
00020_0_0.8900.png,30.61,0.877
00020_1_0.2080.png,46.69,0.998
00020_1_0.6100.png,36.53,0.965
00020_1_0.7410.png,33.28,0.924
00020_2_0.2570.png,44.65,0.995
00020_2_0.6760.png,39.38,0.986
00020_2_0.7910.png,35.17,0.954
00021_0_0.1200.png,41.00,0.994
00021_0_0.5890.png,36.64,0.966
00021_0_0.9680.png,38.49,0.977
00021_1_0.3870.png,39.51,0.988
00021_1_0.6170.png,37.65,0.979
00021_1_0.8850.png,31.12,0.873
00021_2_0.1930.png,40.90,0.992
00021_2_0.5790.png,37.39,0.972
00021_2_0.7590.png,33.81,0.920
00022_0_0.2870.png,38.63,0.985
00022_0_0.6790.png,33.85,0.936
00022_0_0.8810.png,33.79,0.932
00022_1_0.3280.png,37.69,0.985
00022_1_0.5010.png,37.40,0.973
00022_1_0.9210.png,33.82,0.940
00022_2_0.3570.png,40.37,0.990
00022_2_0.5250.png,36.82,0.970
00022_2_0.7410.png,34.80,0.946
00023_0_0.2760.png,46.24,0.996
00023_0_0.5370.png,38.24,0.975
00023_0_0.8670.png,39.75,0.982
00023_1_0.3080.png,41.48,0.989
00023_1_0.6480.png,37.67,0.967
00023_1_0.7940.png,41.03,0.985
00023_2_0.2020.png,47.37,0.997
00023_2_0.5830.png,40.50,0.984
00023_2_0.7770.png,34.89,0.931
00024_0_0.2670.png,42.24,0.991
00024_0_0.6980.png,37.40,0.973
00024_0_0.9220.png,33.37,0.928
00024_1_0.1460.png,44.30,0.995
00024_1_0.4250.png,39.20,0.981
00024_1_0.7190.png,36.01,0.960
00024_2_0.2890.png,43.87,0.996
00024_2_0.4410.png,39.54,0.985
00024_2_0.8660.png,31.88,0.887
00025_0_0.1890.png,40.61,0.993
00025_0_0.4520.png,36.95,0.985
00025_0_0.8350.png,34.19,0.931
00025_1_0.3950.png,41.67,0.992
00025_1_0.4410.png,40.37,0.987
00025_1_0.9490.png,35.14,0.960
00025_2_0.1150.png,46.42,0.997
00025_2_0.5460.png,37.64,0.976
00025_2_0.7290.png,34.80,0.949
00026_0_0.1050.png,50.39,0.999
00026_0_0.6700.png,38.32,0.972
00026_0_0.8380.png,32.93,0.898
00026_1_0.1040.png,49.18,0.998
00026_1_0.6450.png,41.95,0.988
00026_1_0.9970.png,29.78,0.776
00026_2_0.1010.png,50.31,0.999
00026_2_0.6410.png,40.23,0.984
00026_2_0.8070.png,37.99,0.969
00027_0_0.2870.png,41.84,0.990
00027_0_0.4760.png,38.14,0.979
00027_0_0.8850.png,33.29,0.928
00027_1_0.3190.png,40.93,0.992
00027_1_0.5460.png,37.61,0.978
00027_1_0.7490.png,37.81,0.975
00027_2_0.2880.png,40.41,0.988
00027_2_0.4650.png,39.13,0.987
00027_2_0.7830.png,37.53,0.975
00028_0_0.3650.png,39.94,0.988
00028_0_0.5750.png,37.56,0.980
00028_0_0.7700.png,34.82,0.962
00028_1_0.3560.png,41.38,0.993
00028_1_0.6670.png,37.82,0.982
00028_1_0.9840.png,31.69,0.920
00028_2_0.3370.png,40.58,0.991
00028_2_0.5870.png,40.10,0.990
00028_2_0.8210.png,35.76,0.969
00029_0_0.3750.png,44.05,0.993
00029_0_0.6850.png,37.82,0.966
00029_0_0.8380.png,37.25,0.960
00029_1_0.3460.png,44.59,0.993
00029_1_0.6670.png,40.74,0.982
00029_1_0.7290.png,40.29,0.980
00029_2_0.1980.png,45.72,0.995
00029_2_0.5020.png,42.94,0.990
00029_2_0.9800.png,38.69,0.972
00030_0_0.3520.png,40.54,0.990
00030_0_0.6390.png,34.76,0.962
00030_0_0.8170.png,32.72,0.932
00030_1_0.3130.png,40.12,0.991
00030_1_0.4970.png,39.01,0.987
00030_1_0.7350.png,36.36,0.973
00030_2_0.3300.png,39.50,0.990
00030_2_0.4670.png,39.04,0.987
00030_2_0.9970.png,35.25,0.966
00031_0_0.2280.png,41.25,0.993
00031_0_0.4470.png,42.35,0.995
00031_0_0.9200.png,34.58,0.956
00031_1_0.1020.png,44.27,0.999
00031_1_0.5830.png,38.66,0.991
00031_1_0.8070.png,33.83,0.954
00031_2_0.1440.png,41.58,0.998
00031_2_0.4580.png,39.68,0.988
00031_2_0.7610.png,37.94,0.983
00032_0_0.3130.png,43.01,0.994
00032_0_0.5590.png,35.97,0.968
00032_0_0.8400.png,34.84,0.948
00032_1_0.3130.png,41.45,0.989
00032_1_0.4420.png,37.14,0.968
00032_1_0.7660.png,33.20,0.916
00032_2_0.1760.png,42.77,0.994
00032_2_0.5830.png,35.16,0.951
00032_2_0.8710.png,34.09,0.933
00033_0_0.3670.png,38.29,0.984
00033_0_0.4880.png,35.36,0.962
00033_0_0.9940.png,28.61,0.790
00033_1_0.2660.png,39.33,0.991
00033_1_0.6660.png,34.62,0.955
00033_1_0.9160.png,27.55,0.772
00033_2_0.1280.png,40.89,0.997
00033_2_0.6230.png,39.75,0.987
00033_2_0.7430.png,30.87,0.886
00034_0_0.2210.png,40.41,0.991
00034_0_0.4080.png,36.93,0.970
00034_0_0.7080.png,35.60,0.955
00034_1_0.1540.png,40.18,0.993
00034_1_0.5210.png,37.87,0.977
00034_1_0.8090.png,32.52,0.904
00034_2_0.2070.png,43.03,0.995
00034_2_0.4240.png,38.25,0.980
00034_2_0.7680.png,34.53,0.945
00035_0_0.3150.png,41.23,0.988
00035_0_0.6520.png,34.63,0.939
00035_0_0.9260.png,38.43,0.975
00035_1_0.3480.png,38.96,0.981
00035_1_0.4410.png,40.19,0.987
00035_1_0.9560.png,31.95,0.892
00035_2_0.3330.png,39.51,0.985
00035_2_0.4070.png,40.82,0.986
00035_2_0.9160.png,36.10,0.957
00036_0_0.3020.png,41.28,0.989
00036_0_0.6170.png,36.31,0.961
00036_0_0.8200.png,33.07,0.912
00036_1_0.1550.png,42.38,0.996
00036_1_0.6820.png,35.27,0.953
00036_1_0.7390.png,34.84,0.947
00036_2_0.1740.png,42.50,0.992
00036_2_0.4480.png,38.86,0.980
00036_2_0.9570.png,29.69,0.849
00037_0_0.3850.png,40.20,0.989
00037_0_0.6950.png,34.36,0.948
00037_0_0.9810.png,29.80,0.821
00037_1_0.1790.png,43.05,0.995
00037_1_0.4200.png,40.48,0.988
00037_1_0.8740.png,35.43,0.956
00037_2_0.2120.png,43.55,0.995
00037_2_0.4120.png,38.47,0.980
00037_2_0.7580.png,34.42,0.942
00038_0_0.2850.png,38.92,0.985
00038_0_0.5890.png,37.83,0.977
00038_0_0.7890.png,32.96,0.916
00038_1_0.1180.png,44.13,0.996
00038_1_0.6690.png,34.18,0.944
00038_1_0.8630.png,30.22,0.824
00038_2_0.1810.png,43.06,0.993
00038_2_0.6280.png,37.42,0.973
00038_2_0.7700.png,36.05,0.961
00039_0_0.3040.png,36.40,0.970
00039_0_0.5490.png,34.17,0.939
00039_0_0.8180.png,31.18,0.858
00039_1_0.1930.png,43.56,0.995
00039_1_0.6290.png,34.07,0.935
00039_1_0.7280.png,33.34,0.936
00039_2_0.2770.png,40.13,0.986
00039_2_0.5350.png,36.69,0.971
00039_2_0.7940.png,31.12,0.867
00040_0_0.3640.png,40.96,0.991
00040_0_0.4810.png,38.72,0.977
00040_0_0.8250.png,32.98,0.902
00040_1_0.3900.png,40.72,0.987
00040_1_0.4680.png,43.91,0.993
00040_1_0.8700.png,38.01,0.969
00040_2_0.1510.png,44.98,0.997
00040_2_0.5390.png,41.55,0.989
00040_2_0.7620.png,40.81,0.985
00041_0_0.2190.png,41.29,0.990
00041_0_0.4030.png,38.30,0.975
00041_0_0.8490.png,32.57,0.901
00041_1_0.1070.png,42.86,0.994
00041_1_0.4400.png,36.64,0.968
00041_1_0.8490.png,33.04,0.915
00041_2_0.3500.png,38.21,0.981
00041_2_0.4940.png,36.20,0.961
00041_2_0.9100.png,33.69,0.928
00042_0_0.3420.png,41.40,0.995
00042_0_0.4150.png,40.70,0.986
00042_0_0.9800.png,35.87,0.929
00042_1_0.1800.png,37.87,0.991
00042_1_0.5900.png,38.67,0.981
00042_1_0.9000.png,34.63,0.909
00042_2_0.1400.png,40.84,0.996
00042_2_0.6300.png,39.31,0.979
00042_2_0.9160.png,38.40,0.973
00043_0_0.1660.png,45.55,0.996
00043_0_0.4670.png,38.29,0.974
00043_0_0.9740.png,31.02,0.849
00043_1_0.3380.png,42.10,0.990
00043_1_0.6210.png,37.97,0.973
00043_1_0.8480.png,29.80,0.820
00043_2_0.1700.png,45.61,0.996
00043_2_0.6850.png,34.86,0.939
00043_2_0.9700.png,31.27,0.907
00044_0_0.1250.png,43.92,0.995
00044_0_0.6780.png,35.47,0.953
00044_0_0.8870.png,34.79,0.946
00044_1_0.1510.png,43.80,0.995
00044_1_0.4030.png,38.90,0.982
00044_1_0.7420.png,34.64,0.941
00044_2_0.1890.png,42.50,0.993
00044_2_0.4950.png,38.53,0.980
00044_2_0.8360.png,31.56,0.871
00045_0_0.1370.png,45.11,0.998
00045_0_0.6000.png,33.86,0.943
00045_0_0.8520.png,34.15,0.946
00045_1_0.1810.png,43.55,0.998
00045_1_0.5040.png,37.62,0.977
00045_1_0.7060.png,34.58,0.949
00045_2_0.3780.png,39.34,0.984
00045_2_0.6070.png,37.86,0.979
00045_2_0.8220.png,38.42,0.981
00046_0_0.1280.png,43.91,0.995
00046_0_0.5370.png,37.58,0.967
00046_0_0.7010.png,37.68,0.963
00046_1_0.3940.png,41.30,0.988
00046_1_0.5900.png,36.13,0.950
00046_1_0.7010.png,37.03,0.956
00046_2_0.1340.png,42.13,0.994
00046_2_0.5480.png,37.51,0.963
00046_2_0.9920.png,35.20,0.934
00047_0_0.2280.png,43.17,0.994
00047_0_0.5730.png,37.46,0.963
00047_0_0.7750.png,36.69,0.952
00047_1_0.1740.png,42.83,0.993
00047_1_0.5580.png,39.19,0.976
00047_1_0.8120.png,37.29,0.956
00047_2_0.1400.png,44.04,0.995
00047_2_0.5440.png,38.72,0.969
00047_2_0.9070.png,32.12,0.856
00048_0_0.1830.png,48.51,0.998
00048_0_0.5680.png,38.38,0.977
00048_0_0.9460.png,32.22,0.897
00048_1_0.2980.png,44.79,0.994
00048_1_0.6360.png,36.82,0.961
00048_1_0.9680.png,32.04,0.903
00048_2_0.1690.png,47.05,0.997
00048_2_0.4680.png,40.76,0.985
00048_2_0.7630.png,38.94,0.977
00049_0_0.3460.png,41.42,0.991
00049_0_0.4680.png,39.95,0.981
00049_0_0.8070.png,35.95,0.942
00049_1_0.3890.png,41.37,0.989
00049_1_0.4510.png,43.62,0.993
00049_1_0.9770.png,35.02,0.928
00049_2_0.1820.png,42.69,0.995
00049_2_0.5410.png,40.47,0.980
00049_2_0.8860.png,37.20,0.951
00050_0_0.3000.png,42.68,0.995
00050_0_0.5330.png,38.37,0.983
00050_0_0.7780.png,34.36,0.943
00050_1_0.2890.png,44.36,0.996
00050_1_0.5730.png,39.16,0.984
00050_1_0.7420.png,35.11,0.957
00050_2_0.3000.png,41.95,0.992
00050_2_0.4750.png,41.26,0.991
00050_2_0.7150.png,36.18,0.961
00051_0_0.3890.png,38.46,0.979
00051_0_0.6040.png,39.91,0.989
00051_0_0.7450.png,33.68,0.923
00051_1_0.1440.png,46.71,0.998
00051_1_0.4210.png,40.38,0.989
00051_1_0.9240.png,34.20,0.936
00051_2_0.1540.png,45.23,0.997
00051_2_0.4630.png,40.18,0.988
00051_2_0.7910.png,37.12,0.970
00052_0_0.2980.png,44.21,0.996
00052_0_0.5280.png,40.68,0.988
00052_0_0.8450.png,38.18,0.980
00052_1_0.3280.png,42.15,0.993
00052_1_0.4620.png,39.83,0.989
00052_1_0.8280.png,39.15,0.981
00052_2_0.1540.png,45.55,0.998
00052_2_0.4510.png,39.76,0.985
00052_2_0.8420.png,35.70,0.961
00053_0_0.3900.png,42.20,0.991
00053_0_0.5790.png,41.24,0.987
00053_0_0.7850.png,34.21,0.933
00053_1_0.2620.png,43.44,0.993
00053_1_0.5110.png,39.94,0.983
00053_1_0.7890.png,36.54,0.955
00053_2_0.3110.png,42.83,0.991
00053_2_0.6960.png,42.30,0.990
00053_2_0.9660.png,32.69,0.902
00054_0_0.1810.png,45.08,0.996
00054_0_0.5150.png,37.90,0.972
00054_0_0.8980.png,32.12,0.894
00054_1_0.1570.png,44.04,0.996
00054_1_0.6680.png,37.52,0.972
00054_1_0.9820.png,34.26,0.925
00054_2_0.1370.png,44.66,0.996
00054_2_0.4980.png,38.62,0.978
00054_2_0.8380.png,31.60,0.906
00055_0_0.3070.png,41.71,0.991
00055_0_0.4280.png,40.61,0.984
00055_0_0.9470.png,36.50,0.950
00055_1_0.2430.png,40.37,0.992
00055_1_0.4890.png,40.77,0.986
00055_1_0.8180.png,36.35,0.960
00055_2_0.3890.png,41.32,0.990
00055_2_0.5090.png,41.57,0.987
00055_2_0.9090.png,37.41,0.958
00056_0_0.2770.png,43.40,0.992
00056_0_0.6370.png,38.20,0.975
00056_0_0.7920.png,38.59,0.975
00056_1_0.1400.png,44.48,0.997
00056_1_0.6340.png,37.54,0.967
00056_1_0.7800.png,36.13,0.945
00056_2_0.3160.png,43.44,0.995
00056_2_0.6870.png,38.48,0.974
00056_2_0.7160.png,38.53,0.976
00057_0_0.1810.png,43.93,0.996
00057_0_0.6490.png,38.46,0.966
00057_0_0.7440.png,38.01,0.967
00057_1_0.2860.png,42.85,0.993
00057_1_0.6410.png,38.13,0.966
00057_1_0.7110.png,37.52,0.962
00057_2_0.2870.png,44.57,0.995
00057_2_0.6270.png,40.18,0.983
00057_2_0.8790.png,34.98,0.935
00058_0_0.3370.png,44.22,0.994
00058_0_0.6300.png,43.08,0.993
00058_0_0.7040.png,37.74,0.969
00058_1_0.3930.png,41.28,0.988
00058_1_0.6710.png,42.88,0.991
00058_1_0.7430.png,38.62,0.979
00058_2_0.2250.png,44.55,0.995
00058_2_0.4270.png,43.11,0.992
00058_2_0.7170.png,39.03,0.976
00059_0_0.1580.png,43.41,0.995
00059_0_0.4660.png,42.15,0.990
00059_0_0.8910.png,34.45,0.948
00059_1_0.2320.png,42.92,0.993
00059_1_0.6680.png,35.68,0.949
00059_1_0.9190.png,32.96,0.900
00059_2_0.1940.png,42.34,0.995
00059_2_0.5690.png,38.99,0.981
00059_2_0.9670.png,34.11,0.917
00060_0_0.3810.png,44.87,0.994
00060_0_0.5710.png,42.74,0.989
00060_0_0.7220.png,38.66,0.974
00060_1_0.2790.png,44.22,0.993
00060_1_0.4900.png,41.11,0.985
00060_1_0.8520.png,40.40,0.981
00060_2_0.2990.png,44.94,0.994
00060_2_0.4560.png,42.74,0.991
00060_2_0.9910.png,30.63,0.851
00061_0_0.2680.png,41.25,0.989
00061_0_0.5750.png,37.12,0.969
00061_0_0.9800.png,32.43,0.898
00061_1_0.2630.png,41.92,0.991
00061_1_0.4360.png,41.95,0.991
00061_1_0.9430.png,36.59,0.966
00061_2_0.1440.png,45.01,0.997
00061_2_0.5780.png,38.57,0.978
00061_2_0.7920.png,39.04,0.981
00062_0_0.1320.png,46.75,0.998
00062_0_0.5720.png,40.14,0.984
00062_0_0.7120.png,36.25,0.955
00062_1_0.1070.png,47.75,0.998
00062_1_0.5460.png,39.69,0.982
00062_1_0.8340.png,31.26,0.855
00062_2_0.3410.png,42.48,0.991
00062_2_0.5410.png,39.49,0.980
00062_2_0.8560.png,34.91,0.933
00063_0_0.2430.png,44.47,0.995
00063_0_0.4040.png,41.94,0.990
00063_0_0.7830.png,40.77,0.988
00063_1_0.3140.png,44.10,0.994
00063_1_0.6780.png,40.41,0.988
00063_1_0.9280.png,35.91,0.964
00063_2_0.3240.png,45.24,0.995
00063_2_0.6570.png,38.19,0.979
00063_2_0.8910.png,38.52,0.979
00064_0_0.3960.png,42.19,0.991
00064_0_0.5950.png,40.00,0.984
00064_0_0.8870.png,34.45,0.941
00064_1_0.1240.png,43.19,0.998
00064_1_0.6410.png,37.30,0.969
00064_1_0.7960.png,37.05,0.970
00064_2_0.1800.png,44.57,0.997
00064_2_0.6440.png,38.02,0.973
00064_2_0.9170.png,33.83,0.947
00065_0_0.1710.png,49.10,0.998
00065_0_0.5000.png,45.70,0.995
00065_0_0.9860.png,41.89,0.987
00065_1_0.1550.png,49.77,0.999
00065_1_0.4490.png,46.58,0.996
00065_1_0.8590.png,42.19,0.988
00065_2_0.2010.png,48.37,0.998
00065_2_0.5850.png,40.84,0.984
00065_2_0.8060.png,41.86,0.989
00066_0_0.3470.png,44.64,0.993
00066_0_0.5520.png,40.51,0.983
00066_0_0.7700.png,41.44,0.985
00066_1_0.1940.png,47.49,0.997
00066_1_0.6320.png,40.96,0.986
00066_1_0.9220.png,33.78,0.886
00066_2_0.3480.png,43.39,0.992
00066_2_0.5800.png,39.39,0.981
00066_2_0.7250.png,39.76,0.980
00067_0_0.1970.png,47.81,0.998
00067_0_0.5900.png,46.66,0.998
00067_0_0.7090.png,44.48,0.994
00067_1_0.3570.png,45.39,0.996
00067_1_0.6770.png,44.42,0.996
00067_1_0.8190.png,43.29,0.993
00067_2_0.2230.png,49.34,0.998
00067_2_0.4780.png,45.98,0.996
00067_2_0.8940.png,37.44,0.987
00068_0_0.3470.png,40.50,0.994
00068_0_0.5880.png,35.62,0.974
00068_0_0.8090.png,32.65,0.937
00068_1_0.1950.png,43.36,0.998
00068_1_0.5700.png,37.91,0.985
00068_1_0.7680.png,35.66,0.973
00068_2_0.3290.png,40.23,0.997
00068_2_0.6490.png,34.99,0.968
00068_2_0.9390.png,33.61,0.947
00069_0_0.1420.png,51.70,0.998
00069_0_0.5810.png,46.21,0.994
00069_0_0.7010.png,47.03,0.995
00069_1_0.1730.png,50.49,0.997
00069_1_0.6800.png,45.44,0.994
00069_1_0.7860.png,41.43,0.991
00069_2_0.2930.png,49.05,0.996
00069_2_0.5150.png,48.87,0.996
00069_2_0.9920.png,38.24,0.991
00070_0_0.1070.png,50.21,0.999
00070_0_0.5750.png,42.74,0.992
00070_0_0.9500.png,33.80,0.930
00070_1_0.1460.png,49.66,0.999
00070_1_0.4360.png,43.97,0.993
00070_1_0.8430.png,37.87,0.975
00070_2_0.3210.png,41.88,0.988
00070_2_0.5460.png,38.90,0.979
00070_2_0.8670.png,34.33,0.939
00071_0_0.3600.png,37.99,0.987
00071_0_0.5310.png,34.16,0.965
00071_0_0.9720.png,29.61,0.885
00071_1_0.2210.png,40.80,0.995
00071_1_0.4150.png,36.14,0.979
00071_1_0.9380.png,26.17,0.781
00071_2_0.1020.png,44.48,0.998
00071_2_0.4650.png,39.88,0.992
00071_2_0.7590.png,37.10,0.984
00072_0_0.1950.png,42.89,0.997
00072_0_0.6080.png,36.16,0.982
00072_0_0.8990.png,34.64,0.975
00072_1_0.1060.png,43.91,0.998
00072_1_0.4250.png,39.02,0.991
00072_1_0.9240.png,30.35,0.929
00072_2_0.1560.png,43.10,0.997
00072_2_0.6840.png,34.57,0.972
00072_2_0.7290.png,32.53,0.957
00073_0_0.1980.png,44.24,0.996
00073_0_0.4820.png,39.33,0.983
00073_0_0.9330.png,27.23,0.768
00073_1_0.3070.png,41.78,0.990
00073_1_0.4510.png,40.64,0.988
00073_1_0.7700.png,40.42,0.986
00073_2_0.1130.png,46.20,0.998
00073_2_0.4320.png,40.92,0.989
00073_2_0.8530.png,36.33,0.957
00074_0_0.2540.png,40.70,0.990
00074_0_0.4740.png,37.18,0.975
00074_0_0.9710.png,31.17,0.862
00074_1_0.2440.png,41.27,0.992
00074_1_0.4290.png,40.26,0.988
00074_1_0.7380.png,36.40,0.969
00074_2_0.3620.png,42.77,0.994
00074_2_0.4220.png,38.55,0.983
00074_2_0.9180.png,29.98,0.814
00075_0_0.3190.png,41.57,0.991
00075_0_0.6760.png,33.65,0.941
00075_0_0.8020.png,34.90,0.951
00075_1_0.1290.png,43.45,0.996
00075_1_0.4840.png,36.49,0.973
00075_1_0.7390.png,34.43,0.948
00075_2_0.3740.png,41.73,0.991
00075_2_0.6140.png,34.01,0.946
00075_2_0.9230.png,30.38,0.828
00076_0_0.1370.png,44.43,0.999
00076_0_0.6800.png,40.17,0.987
00076_0_0.8080.png,32.74,0.918
00076_1_0.2330.png,42.84,0.995
00076_1_0.5550.png,38.09,0.977
00076_1_0.7410.png,31.02,0.871
00076_2_0.2710.png,43.20,0.996
00076_2_0.5710.png,35.49,0.959
00076_2_0.7700.png,34.99,0.952
00077_0_0.1800.png,44.21,0.996
00077_0_0.6210.png,38.83,0.978
00077_0_0.8740.png,29.88,0.823
00077_1_0.3730.png,44.13,0.995
00077_1_0.6670.png,39.20,0.983
00077_1_0.7710.png,36.37,0.965
00077_2_0.3620.png,42.45,0.991
00077_2_0.6680.png,38.96,0.981
00077_2_0.7830.png,34.56,0.942
00078_0_0.2200.png,47.55,0.997
00078_0_0.6010.png,42.29,0.990
00078_0_0.8590.png,40.57,0.986
00078_1_0.2000.png,46.55,0.998
00078_1_0.4310.png,42.61,0.991
00078_1_0.9930.png,35.90,0.955
00078_2_0.3550.png,41.11,0.987
00078_2_0.5620.png,38.35,0.975
00078_2_0.9330.png,35.76,0.958
00079_0_0.1070.png,45.73,0.997
00079_0_0.6960.png,36.34,0.963
00079_0_0.8390.png,31.58,0.905
00079_1_0.2410.png,41.27,0.992
00079_1_0.5730.png,38.72,0.981
00079_1_0.7110.png,35.90,0.966
00079_2_0.1580.png,42.71,0.994
00079_2_0.4200.png,39.83,0.986
00079_2_0.7890.png,33.77,0.935
00080_0_0.2560.png,44.61,0.996
00080_0_0.5450.png,38.14,0.977
00080_0_0.8690.png,32.70,0.899
00080_1_0.1600.png,45.56,0.998
00080_1_0.6180.png,39.48,0.983
00080_1_0.7420.png,36.20,0.962
00080_2_0.1980.png,45.12,0.997
00080_2_0.6300.png,38.83,0.980
00080_2_0.8910.png,32.45,0.899
00081_0_0.3360.png,42.57,0.990
00081_0_0.4500.png,40.42,0.984
00081_0_0.9980.png,33.77,0.925
00081_1_0.3280.png,42.30,0.990
00081_1_0.5020.png,42.02,0.990
00081_1_0.9430.png,28.87,0.795
00081_2_0.2660.png,41.66,0.987
00081_2_0.4440.png,40.21,0.984
00081_2_0.8300.png,34.31,0.929
00082_0_0.3710.png,40.61,0.986
00082_0_0.6810.png,37.88,0.973
00082_0_0.8450.png,28.99,0.822
00082_1_0.3720.png,41.44,0.990
00082_1_0.4360.png,43.75,0.994
00082_1_0.9400.png,32.40,0.904
00082_2_0.2480.png,43.98,0.995
00082_2_0.6260.png,39.95,0.984
00082_2_0.8720.png,38.66,0.978
00083_0_0.3150.png,40.33,0.996
00083_0_0.4050.png,38.35,0.988
00083_0_0.7290.png,33.12,0.946
00083_1_0.2610.png,39.64,0.988
00083_1_0.5450.png,37.60,0.981
00083_1_0.9660.png,33.13,0.946
00083_2_0.3330.png,38.29,0.988
00083_2_0.5290.png,38.22,0.986
00083_2_0.9770.png,33.08,0.938
00084_0_0.1220.png,39.86,0.988
00084_0_0.4040.png,37.97,0.978
00084_0_0.7420.png,37.08,0.971
00084_1_0.2030.png,39.19,0.988
00084_1_0.6420.png,35.46,0.958
00084_1_0.8670.png,31.17,0.862
00084_2_0.1810.png,38.78,0.986
00084_2_0.5980.png,36.67,0.965
00084_2_0.8050.png,33.64,0.926
00085_0_0.3160.png,40.00,0.993
00085_0_0.5910.png,37.02,0.981
00085_0_0.9000.png,27.85,0.892
00085_1_0.2320.png,42.00,0.995
00085_1_0.5960.png,34.68,0.969
00085_1_0.8260.png,30.65,0.916
00085_2_0.1470.png,43.07,0.997
00085_2_0.4000.png,39.26,0.990
00085_2_0.8020.png,31.06,0.916
00086_0_0.2290.png,37.38,0.987
00086_0_0.4130.png,37.81,0.986
00086_0_0.9880.png,24.12,0.672
00086_1_0.2030.png,41.07,0.995
00086_1_0.5480.png,34.10,0.959
00086_1_0.8910.png,31.62,0.932
00086_2_0.3030.png,36.84,0.983
00086_2_0.4290.png,36.80,0.978
00086_2_0.8620.png,29.23,0.882
00087_0_0.1620.png,43.39,0.997
00087_0_0.5140.png,38.50,0.984
00087_0_0.7510.png,34.05,0.950
00087_1_0.1470.png,47.21,0.998
00087_1_0.4080.png,40.94,0.991
00087_1_0.9800.png,34.33,0.949
00087_2_0.2680.png,41.59,0.993
00087_2_0.6700.png,35.07,0.958
00087_2_0.9750.png,29.26,0.876
00088_0_0.2300.png,40.35,0.992
00088_0_0.6380.png,35.19,0.955
00088_0_0.7430.png,35.73,0.962
00088_1_0.2190.png,40.87,0.992
00088_1_0.4450.png,37.43,0.977
00088_1_0.8610.png,37.22,0.973
00088_2_0.3360.png,38.15,0.981
00088_2_0.4940.png,37.15,0.970
00088_2_0.7320.png,35.21,0.960
00089_0_0.3980.png,39.10,0.987
00089_0_0.6790.png,39.02,0.986
00089_0_0.8930.png,37.56,0.978
00089_1_0.1620.png,43.28,0.995
00089_1_0.5160.png,34.74,0.954
00089_1_0.7770.png,34.66,0.947
00089_2_0.3210.png,38.76,0.983
00089_2_0.4920.png,38.62,0.985
00089_2_0.7460.png,33.47,0.932
00090_0_0.1420.png,46.22,0.998
00090_0_0.5820.png,34.96,0.965
00090_0_0.8940.png,34.24,0.955
00090_1_0.1320.png,46.81,0.998
00090_1_0.4090.png,39.62,0.989
00090_1_0.7490.png,37.04,0.981
00090_2_0.1400.png,45.18,0.997
00090_2_0.5240.png,39.40,0.988
00090_2_0.8230.png,38.60,0.985
00091_0_0.2790.png,44.36,0.996
00091_0_0.6070.png,37.43,0.978
00091_0_0.9230.png,33.62,0.934
00091_1_0.1580.png,47.01,0.999
00091_1_0.4530.png,40.97,0.991
00091_1_0.7650.png,33.09,0.932
00091_2_0.1740.png,44.02,0.997
00091_2_0.6060.png,42.00,0.993
00091_2_0.7590.png,35.85,0.979
00092_0_0.2140.png,46.01,0.997
00092_0_0.5620.png,37.30,0.972
00092_0_0.8700.png,35.36,0.955
00092_1_0.2030.png,45.81,0.997
00092_1_0.5810.png,37.37,0.973
00092_1_0.8910.png,32.60,0.911
00092_2_0.1570.png,47.91,0.998
00092_2_0.4580.png,43.17,0.993
00092_2_0.8310.png,33.70,0.927
00093_0_0.1150.png,49.76,0.999
00093_0_0.6190.png,41.45,0.988
00093_0_0.8730.png,33.50,0.910
00093_1_0.1300.png,50.51,0.999
00093_1_0.6080.png,41.39,0.987
00093_1_0.9800.png,33.84,0.925
00093_2_0.1440.png,48.10,0.998
00093_2_0.5310.png,40.12,0.981
00093_2_0.8280.png,36.62,0.962
00094_0_0.3630.png,44.35,0.995
00094_0_0.6320.png,40.53,0.989
00094_0_0.7700.png,35.61,0.965
00094_1_0.1020.png,49.54,0.999
00094_1_0.6500.png,38.35,0.982
00094_1_0.8820.png,35.42,0.963
00094_2_0.2800.png,46.95,0.998
00094_2_0.6930.png,38.91,0.984
00094_2_0.9190.png,28.96,0.814
00095_0_0.1900.png,41.81,0.998
00095_0_0.5790.png,34.07,0.980
00095_0_0.7880.png,27.41,0.904
00095_1_0.3130.png,43.00,0.998
00095_1_0.5560.png,37.28,0.992
00095_1_0.9750.png,27.44,0.905
00095_2_0.2280.png,40.10,0.997
00095_2_0.5120.png,36.54,0.990
00095_2_0.7920.png,33.50,0.974
00096_0_0.1430.png,44.65,0.999
00096_0_0.4840.png,41.34,0.997
00096_0_0.7660.png,30.39,0.933
00096_1_0.1320.png,45.15,0.999
00096_1_0.4480.png,38.72,0.992
00096_1_0.7310.png,35.48,0.983
00096_2_0.3520.png,40.67,0.995
00096_2_0.4440.png,38.43,0.993
00096_2_0.9020.png,31.90,0.963
00097_0_0.3330.png,41.54,0.997
00097_0_0.4550.png,39.72,0.995
00097_0_0.9950.png,29.03,0.928
00097_1_0.1100.png,44.47,0.999
00097_1_0.5970.png,39.88,0.995
00097_1_0.7370.png,33.89,0.979
00097_2_0.2750.png,41.23,0.996
00097_2_0.5880.png,39.92,0.994
00097_2_0.7360.png,34.97,0.982
00098_0_0.3890.png,41.08,0.993
00098_0_0.4290.png,40.49,0.992
00098_0_0.7670.png,33.71,0.961
00098_1_0.3510.png,42.29,0.995
00098_1_0.5390.png,37.85,0.987
00098_1_0.7130.png,36.08,0.981
00098_2_0.3290.png,41.93,0.995
00098_2_0.5050.png,39.73,0.991
00098_2_0.8130.png,37.41,0.986
00099_0_0.1040.png,45.78,0.999
00099_0_0.5000.png,38.89,0.993
00099_0_0.8920.png,27.48,0.900
00099_1_0.3160.png,38.78,0.993
00099_1_0.5910.png,35.73,0.989
00099_1_0.7110.png,35.61,0.988
00099_2_0.2340.png,43.25,0.998
00099_2_0.6430.png,36.66,0.990
00099_2_0.8500.png,33.73,0.979
00100_0_0.1560.png,46.84,0.996
00100_0_0.5400.png,41.38,0.984
00100_0_0.8140.png,35.91,0.942
00100_1_0.2060.png,44.74,0.994
00100_1_0.4200.png,44.56,0.994
00100_1_0.9880.png,33.88,0.913
00100_2_0.1620.png,50.16,0.998
00100_2_0.5600.png,41.30,0.986
00100_2_0.9370.png,36.32,0.935
00101_0_0.2360.png,43.51,0.994
00101_0_0.6070.png,38.41,0.979
00101_0_0.8270.png,39.55,0.982
00101_1_0.3520.png,46.62,0.997
00101_1_0.6280.png,41.25,0.987
00101_1_0.9730.png,35.31,0.921
00101_2_0.3560.png,43.25,0.993
00101_2_0.4040.png,41.67,0.991
00101_2_0.9590.png,38.07,0.977
00102_0_0.1930.png,47.93,0.997
00102_0_0.4300.png,43.20,0.989
00102_0_0.9970.png,35.54,0.925
00102_1_0.1770.png,45.76,0.996
00102_1_0.6680.png,38.33,0.962
00102_1_0.8410.png,38.38,0.965
00102_2_0.1140.png,46.59,0.996
00102_2_0.6230.png,39.65,0.974
00102_2_0.7780.png,35.99,0.931
00103_0_0.3830.png,43.42,0.991
00103_0_0.5390.png,41.67,0.988
00103_0_0.8520.png,36.76,0.938
00103_1_0.1450.png,48.94,0.998
00103_1_0.4950.png,38.85,0.967
00103_1_0.9700.png,34.86,0.888
00103_2_0.3570.png,42.24,0.985
00103_2_0.5090.png,42.28,0.985
00103_2_0.7760.png,38.73,0.965
00104_0_0.3130.png,38.01,0.989
00104_0_0.6100.png,34.22,0.956
00104_0_0.7190.png,35.22,0.973
00104_1_0.1530.png,41.33,0.994
00104_1_0.5750.png,35.25,0.976
00104_1_0.7350.png,38.21,0.983
00104_2_0.1470.png,37.96,0.992
00104_2_0.6300.png,35.35,0.972
00104_2_0.7340.png,35.63,0.960
00105_0_0.1650.png,45.18,0.997
00105_0_0.6270.png,39.00,0.980
00105_0_0.8720.png,35.85,0.950
00105_1_0.1160.png,44.58,0.998
00105_1_0.4740.png,41.49,0.990
00105_1_0.7240.png,37.54,0.972
00105_2_0.3640.png,40.84,0.986
00105_2_0.5680.png,40.70,0.985
00105_2_0.7800.png,38.81,0.976
00106_0_0.2560.png,45.57,0.995
00106_0_0.5050.png,41.91,0.984
00106_0_0.8020.png,39.77,0.975
00106_1_0.2310.png,47.23,0.997
00106_1_0.4390.png,42.57,0.987
00106_1_0.9930.png,36.14,0.945
00106_2_0.1520.png,46.51,0.996
00106_2_0.4340.png,46.09,0.995
00106_2_0.9400.png,37.82,0.956
00107_0_0.2570.png,43.46,0.995
00107_0_0.6580.png,40.12,0.975
00107_0_0.8660.png,36.01,0.926
00107_1_0.3530.png,43.10,0.989
00107_1_0.4520.png,41.63,0.983
00107_1_0.7420.png,38.51,0.968
00107_2_0.3700.png,41.61,0.985
00107_2_0.6630.png,37.93,0.953
00107_2_0.7340.png,42.59,0.987
00108_0_0.3430.png,38.04,0.977
00108_0_0.5390.png,35.97,0.951
00108_0_0.9450.png,31.19,0.882
00108_1_0.1180.png,43.04,0.992
00108_1_0.6090.png,40.62,0.985
00108_1_0.8860.png,33.75,0.907
00108_2_0.3490.png,40.88,0.986
00108_2_0.4820.png,36.25,0.964
00108_2_0.9140.png,36.04,0.949
00109_0_0.1680.png,44.23,0.996
00109_0_0.6970.png,37.12,0.970
00109_0_0.8940.png,38.16,0.973
00109_1_0.2970.png,43.45,0.995
00109_1_0.4530.png,40.20,0.984
00109_1_0.9700.png,32.03,0.884
00109_2_0.3210.png,40.29,0.988
00109_2_0.5640.png,42.09,0.989
00109_2_0.8580.png,39.04,0.979
00110_0_0.2320.png,42.23,0.992
00110_0_0.5940.png,39.75,0.979
00110_0_0.7680.png,38.97,0.977
00110_1_0.1410.png,46.14,0.997
00110_1_0.5140.png,42.35,0.987
00110_1_0.9330.png,37.48,0.966
00110_2_0.3680.png,41.24,0.990
00110_2_0.4710.png,41.90,0.989
00110_2_0.9290.png,32.81,0.895
00111_0_0.3910.png,40.15,0.986
00111_0_0.6970.png,36.32,0.953
00111_0_0.8940.png,33.83,0.904
00111_1_0.1060.png,46.49,0.997
00111_1_0.6080.png,38.47,0.975
00111_1_0.8040.png,40.94,0.985
00111_2_0.1000.png,45.30,0.996
00111_2_0.4330.png,39.00,0.977
00111_2_0.7200.png,35.73,0.935
00112_0_0.3490.png,41.03,0.994
00112_0_0.6490.png,35.52,0.974
00112_0_0.7300.png,36.73,0.978
00112_1_0.2310.png,42.53,0.996
00112_1_0.6040.png,34.96,0.969
00112_1_0.7270.png,36.78,0.983
00112_2_0.3310.png,41.22,0.995
00112_2_0.6780.png,36.75,0.980
00112_2_0.7010.png,36.78,0.984
00113_0_0.2750.png,41.47,0.996
00113_0_0.6660.png,31.74,0.953
00113_0_0.8660.png,30.59,0.934
00113_1_0.3470.png,39.92,0.994
00113_1_0.6910.png,36.26,0.986
00113_1_0.7300.png,37.88,0.990
00113_2_0.3380.png,36.98,0.988
00113_2_0.6210.png,36.75,0.986
00113_2_0.9190.png,30.58,0.935
00114_0_0.1530.png,42.69,0.998
00114_0_0.4460.png,36.78,0.990
00114_0_0.7750.png,35.80,0.988
00114_1_0.3260.png,37.71,0.992
00114_1_0.5320.png,40.61,0.996
00114_1_0.7050.png,35.26,0.988
00114_2_0.3510.png,37.41,0.992
00114_2_0.5530.png,36.23,0.988
00114_2_0.8400.png,28.76,0.916
00115_0_0.1850.png,45.50,0.997
00115_0_0.6420.png,35.70,0.962
00115_0_0.7210.png,33.65,0.940
00115_1_0.2290.png,43.47,0.996
00115_1_0.4940.png,38.02,0.978
00115_1_0.8980.png,31.44,0.888
00115_2_0.1570.png,43.87,0.996
00115_2_0.6710.png,35.29,0.955
00115_2_0.8590.png,29.82,0.831
00116_0_0.1980.png,43.22,0.990
00116_0_0.6340.png,37.38,0.954
00116_0_0.7950.png,36.03,0.942
00116_1_0.3280.png,43.13,0.990
00116_1_0.6490.png,36.79,0.948
00116_1_0.8460.png,33.39,0.888
00116_2_0.2140.png,45.54,0.995
00116_2_0.5930.png,40.82,0.983
00116_2_0.7290.png,36.17,0.942
00117_0_0.1320.png,45.11,0.999
00117_0_0.5750.png,37.41,0.975
00117_0_0.9520.png,32.04,0.871
00117_1_0.2090.png,43.80,0.996
00117_1_0.6880.png,35.22,0.948
00117_1_0.9380.png,35.42,0.947
00117_2_0.3000.png,41.63,0.992
00117_2_0.6230.png,41.72,0.990
00117_2_0.9220.png,31.47,0.889
00118_0_0.3500.png,37.35,0.988
00118_0_0.5100.png,36.26,0.985
00118_0_0.7310.png,35.59,0.980
00118_1_0.1120.png,43.19,0.998
00118_1_0.6760.png,32.84,0.962
00118_1_0.7970.png,33.84,0.971
00118_2_0.1620.png,39.82,0.993
00118_2_0.6270.png,31.61,0.951
00118_2_0.8710.png,29.85,0.938
00119_0_0.1430.png,41.81,0.994
00119_0_0.4620.png,40.55,0.990
00119_0_0.8470.png,37.12,0.963
00119_1_0.2480.png,41.76,0.993
00119_1_0.5570.png,40.83,0.982
00119_1_0.9020.png,34.63,0.935
00119_2_0.2880.png,41.32,0.994
00119_2_0.5470.png,37.51,0.976
00119_2_0.7150.png,34.90,0.951
00120_0_0.2010.png,43.00,0.998
00120_0_0.5000.png,37.11,0.983
00120_0_0.8220.png,35.18,0.972
00120_1_0.3410.png,41.85,0.994
00120_1_0.5030.png,37.03,0.978
00120_1_0.8060.png,31.94,0.934
00120_2_0.1070.png,47.58,0.999
00120_2_0.5150.png,39.43,0.987
00120_2_0.8390.png,31.28,0.937
00121_0_0.3420.png,45.30,0.996
00121_0_0.5120.png,37.22,0.975
00121_0_0.8300.png,32.79,0.935
00121_1_0.2820.png,45.40,0.998
00121_1_0.4190.png,36.88,0.977
00121_1_0.7830.png,33.63,0.946
00121_2_0.2740.png,46.61,0.998
00121_2_0.6840.png,37.19,0.977
00121_2_0.9750.png,30.39,0.882
00122_0_0.2830.png,42.32,0.997
00122_0_0.6080.png,37.36,0.987
00122_0_0.9960.png,28.99,0.908
00122_1_0.1500.png,41.02,0.998
00122_1_0.6310.png,36.99,0.989
00122_1_0.7520.png,36.13,0.981
00122_2_0.2430.png,44.47,0.998
00122_2_0.4380.png,40.94,0.995
00122_2_0.8570.png,28.35,0.883
00123_0_0.2260.png,44.15,0.994
00123_0_0.6890.png,43.41,0.991
00123_0_0.9380.png,34.37,0.917
00123_1_0.3350.png,42.22,0.991
00123_1_0.5290.png,39.27,0.976
00123_1_0.7510.png,39.09,0.976
00123_2_0.1950.png,45.11,0.995
00123_2_0.5020.png,42.23,0.989
00123_2_0.9170.png,36.87,0.955
00124_0_0.3200.png,43.80,0.991
00124_0_0.6320.png,40.42,0.980
00124_0_0.8680.png,37.66,0.959
00124_1_0.3360.png,43.67,0.991
00124_1_0.5440.png,39.17,0.970
00124_1_0.9380.png,38.50,0.965
00124_2_0.2730.png,41.74,0.986
00124_2_0.6350.png,40.75,0.986
00124_2_0.8420.png,36.95,0.953
00125_0_0.2230.png,40.63,0.989
00125_0_0.6680.png,36.16,0.949
00125_0_0.7650.png,36.38,0.954
00125_1_0.2840.png,39.91,0.989
00125_1_0.6720.png,36.23,0.952
00125_1_0.9470.png,31.95,0.866
00125_2_0.3710.png,40.25,0.982
00125_2_0.6480.png,38.04,0.967
00125_2_0.7370.png,35.29,0.932
00126_0_0.1600.png,44.27,0.996
00126_0_0.5520.png,40.82,0.983
00126_0_0.8220.png,36.00,0.940
00126_1_0.1770.png,43.43,0.995
00126_1_0.5840.png,38.68,0.970
00126_1_0.7140.png,37.37,0.960
00126_2_0.2860.png,45.86,0.997
00126_2_0.4540.png,40.44,0.983
00126_2_0.7750.png,37.67,0.959
00127_0_0.2310.png,45.52,0.996
00127_0_0.5450.png,39.10,0.977
00127_0_0.9430.png,28.53,0.787
00127_1_0.1430.png,45.46,0.997
00127_1_0.5270.png,40.34,0.985
00127_1_0.8040.png,35.42,0.936
00127_2_0.3280.png,44.32,0.995
00127_2_0.4180.png,43.36,0.993
00127_2_0.7810.png,40.41,0.984
00128_0_0.1300.png,41.96,0.994
00128_0_0.4510.png,37.58,0.978
00128_0_0.7190.png,36.79,0.977
00128_1_0.1920.png,38.92,0.989
00128_1_0.5100.png,36.91,0.975
00128_1_0.9880.png,32.46,0.914
00128_2_0.2410.png,39.73,0.991
00128_2_0.5930.png,36.18,0.970
00128_2_0.9820.png,34.40,0.943
00129_0_0.2370.png,46.76,0.996
00129_0_0.6250.png,40.11,0.977
00129_0_0.9640.png,36.39,0.947
00129_1_0.1210.png,47.40,0.997
00129_1_0.5540.png,41.76,0.985
00129_1_0.8660.png,36.15,0.929
00129_2_0.3640.png,42.12,0.988
00129_2_0.5680.png,38.93,0.970
00129_2_0.9690.png,33.85,0.879
00130_0_0.3510.png,40.24,0.986
00130_0_0.4230.png,40.02,0.982
00130_0_0.9560.png,34.42,0.932
00130_1_0.1220.png,42.52,0.994
00130_1_0.4420.png,38.34,0.975
00130_1_0.7370.png,37.03,0.963
00130_2_0.3020.png,41.17,0.993
00130_2_0.5070.png,39.10,0.978
00130_2_0.7860.png,35.20,0.946
00131_0_0.2850.png,41.60,0.991
00131_0_0.5640.png,36.25,0.965
00131_0_0.9280.png,32.09,0.902
00131_1_0.3550.png,39.60,0.986
00131_1_0.5280.png,36.60,0.967
00131_1_0.9040.png,32.22,0.893
00131_2_0.1130.png,43.51,0.995
00131_2_0.4580.png,40.83,0.989
00131_2_0.9430.png,31.38,0.879
00132_0_0.2290.png,46.11,0.995
00132_0_0.5440.png,42.40,0.987
00132_0_0.8470.png,35.06,0.912
00132_1_0.1340.png,49.10,0.998
00132_1_0.4200.png,44.69,0.992
00132_1_0.9460.png,34.93,0.910
00132_2_0.2570.png,44.61,0.993
00132_2_0.5410.png,43.75,0.991
00132_2_0.7510.png,40.50,0.977
00133_0_0.3030.png,40.74,0.987
00133_0_0.6760.png,38.54,0.975
00133_0_0.7910.png,40.00,0.981
00133_1_0.2440.png,42.15,0.992
00133_1_0.5050.png,40.07,0.983
00133_1_0.8980.png,40.01,0.982
00133_2_0.2500.png,42.44,0.993
00133_2_0.5550.png,37.94,0.969
00133_2_0.9980.png,36.29,0.957
00134_0_0.3200.png,40.07,0.989
00134_0_0.4920.png,39.73,0.985
00134_0_0.8350.png,34.09,0.935
00134_1_0.3540.png,38.85,0.982
00134_1_0.6370.png,36.71,0.970
00134_1_0.8600.png,29.03,0.800
00134_2_0.1080.png,41.90,0.995
00134_2_0.6910.png,36.98,0.968
00134_2_0.9040.png,32.87,0.915
00135_0_0.2980.png,42.26,0.992
00135_0_0.4960.png,39.90,0.984
00135_0_0.8820.png,35.79,0.952
00135_1_0.3890.png,39.57,0.985
00135_1_0.4520.png,41.62,0.990
00135_1_0.9280.png,32.82,0.874
00135_2_0.2840.png,41.92,0.992
00135_2_0.4540.png,39.00,0.982
00135_2_0.7410.png,34.86,0.934
00136_0_0.2150.png,41.20,0.993
00136_0_0.5460.png,35.57,0.969
00136_0_0.9940.png,27.47,0.817
00136_1_0.2730.png,39.56,0.989
00136_1_0.5840.png,33.94,0.953
00136_1_0.9460.png,29.97,0.879
00136_2_0.1670.png,42.98,0.995
00136_2_0.5940.png,34.95,0.963
00136_2_0.8020.png,29.29,0.845
00137_0_0.3990.png,38.16,0.985
00137_0_0.6050.png,35.87,0.974
00137_0_0.8420.png,29.42,0.846
00137_1_0.3670.png,40.78,0.993
00137_1_0.5030.png,38.28,0.986
00137_1_0.8620.png,30.29,0.871
00137_2_0.1730.png,43.83,0.997
00137_2_0.6750.png,37.00,0.981
00137_2_0.7250.png,34.55,0.964
00138_0_0.2490.png,42.69,0.995
00138_0_0.4350.png,42.76,0.995
00138_0_0.9290.png,34.98,0.961
00138_1_0.2980.png,42.62,0.995
00138_1_0.5480.png,42.10,0.994
00138_1_0.9540.png,39.80,0.986
00138_2_0.2610.png,43.01,0.996
00138_2_0.4080.png,40.04,0.990
00138_2_0.7960.png,38.03,0.981
00139_0_0.1760.png,39.55,0.995
00139_0_0.4840.png,35.63,0.985
00139_0_0.8660.png,30.67,0.901
00139_1_0.2400.png,38.03,0.991
00139_1_0.5260.png,34.55,0.971
00139_1_0.7120.png,32.49,0.938
00139_2_0.2890.png,36.59,0.988
00139_2_0.4100.png,39.11,0.990
00139_2_0.7670.png,33.13,0.962
00140_0_0.3570.png,40.69,0.993
00140_0_0.5390.png,39.02,0.989
00140_0_0.9750.png,31.19,0.906
00140_1_0.2400.png,42.30,0.996
00140_1_0.4580.png,36.52,0.980
00140_1_0.9220.png,37.59,0.982
00140_2_0.2320.png,43.80,0.997
00140_2_0.5210.png,35.89,0.976
00140_2_0.9200.png,28.79,0.822
00141_0_0.3620.png,43.23,0.993
00141_0_0.4460.png,44.94,0.996
00141_0_0.8380.png,35.69,0.952
00141_1_0.2440.png,43.26,0.993
00141_1_0.5320.png,38.96,0.980
00141_1_0.7870.png,36.79,0.962
00141_2_0.2910.png,43.90,0.994
00141_2_0.4360.png,40.19,0.984
00141_2_0.9080.png,35.51,0.949
00142_0_0.1610.png,44.54,0.996
00142_0_0.5230.png,38.25,0.978
00142_0_0.8470.png,31.39,0.856
00142_1_0.2710.png,40.78,0.987
00142_1_0.5090.png,34.39,0.937
00142_1_0.8180.png,34.34,0.935
00142_2_0.2080.png,41.99,0.990
00142_2_0.4060.png,37.77,0.971
00142_2_0.7540.png,37.33,0.969
00143_0_0.2870.png,45.86,0.997
00143_0_0.4150.png,41.65,0.990
00143_0_0.9010.png,31.37,0.902
00143_1_0.3750.png,39.99,0.986
00143_1_0.5500.png,41.95,0.992
00143_1_0.7710.png,34.29,0.945
00143_2_0.2920.png,42.38,0.993
00143_2_0.6450.png,39.76,0.985
00143_2_0.7360.png,36.00,0.967
00144_0_0.1970.png,46.28,0.998
00144_0_0.4860.png,42.86,0.993
00144_0_0.7950.png,36.60,0.962
00144_1_0.2300.png,46.44,0.997
00144_1_0.6050.png,37.16,0.971
00144_1_0.9880.png,31.23,0.911
00144_2_0.1730.png,44.20,0.996
00144_2_0.6110.png,40.53,0.990
00144_2_0.7590.png,35.26,0.954
00145_0_0.3890.png,39.33,0.986
00145_0_0.6580.png,36.45,0.972
00145_0_0.8960.png,40.39,0.987
00145_1_0.3550.png,44.15,0.995
00145_1_0.5590.png,42.29,0.993
00145_1_0.7030.png,37.75,0.981
00145_2_0.1900.png,41.85,0.995
00145_2_0.4460.png,40.45,0.993
00145_2_0.7860.png,35.45,0.963
00146_0_0.3290.png,45.49,0.996
00146_0_0.4010.png,40.67,0.987
00146_0_0.8660.png,33.01,0.913
00146_1_0.3620.png,42.87,0.992
00146_1_0.4200.png,37.80,0.975
00146_1_0.7150.png,37.38,0.978
00146_2_0.3800.png,40.42,0.988
00146_2_0.4350.png,37.93,0.973
00146_2_0.8410.png,33.23,0.920
00147_0_0.2060.png,46.82,0.997
00147_0_0.5770.png,40.97,0.985
00147_0_0.7470.png,34.24,0.913
00147_1_0.1020.png,46.56,0.998
00147_1_0.4890.png,40.63,0.984
00147_1_0.7520.png,41.22,0.985
00147_2_0.2600.png,45.00,0.996
00147_2_0.6530.png,39.54,0.979
00147_2_0.7060.png,36.86,0.957
00148_0_0.3450.png,42.17,0.989
00148_0_0.6850.png,37.71,0.960
00148_0_0.9450.png,38.65,0.967
00148_1_0.2950.png,42.53,0.992
00148_1_0.5010.png,42.68,0.991
00148_1_0.8400.png,33.93,0.897
00148_2_0.3840.png,41.36,0.987
00148_2_0.6140.png,41.72,0.985
00148_2_0.7140.png,38.13,0.963
00149_0_0.3610.png,40.32,0.984
00149_0_0.6950.png,38.07,0.968
00149_0_0.7450.png,34.42,0.897
00149_1_0.2240.png,42.25,0.989
00149_1_0.6690.png,37.48,0.960
00149_1_0.8630.png,34.74,0.913
00149_2_0.3530.png,40.73,0.985
00149_2_0.4810.png,40.59,0.983
00149_2_0.7280.png,40.45,0.984
00150_0_0.3770.png,44.91,0.994
00150_0_0.6830.png,39.58,0.976
00150_0_0.8480.png,37.63,0.957
00150_1_0.3880.png,41.63,0.987
00150_1_0.5760.png,41.58,0.985
00150_1_0.9450.png,35.28,0.919
00150_2_0.1740.png,45.70,0.996
00150_2_0.6680.png,41.98,0.989
00150_2_0.7770.png,38.66,0.967
00151_0_0.1190.png,44.11,0.996
00151_0_0.6470.png,38.39,0.970
00151_0_0.7950.png,36.22,0.954
00151_1_0.3000.png,44.47,0.996
00151_1_0.6790.png,37.77,0.966
00151_1_0.9540.png,33.15,0.885
00151_2_0.2490.png,43.43,0.993
00151_2_0.4530.png,40.54,0.982
00151_2_0.9860.png,38.21,0.971
00152_0_0.1690.png,46.25,0.996
00152_0_0.4240.png,42.63,0.989
00152_0_0.8320.png,37.00,0.946
00152_1_0.1220.png,46.65,0.997
00152_1_0.4350.png,40.93,0.982
00152_1_0.8780.png,36.58,0.942
00152_2_0.3010.png,43.01,0.990
00152_2_0.4340.png,42.97,0.990
00152_2_0.7550.png,36.52,0.940
00153_0_0.3540.png,42.58,0.992
00153_0_0.5960.png,39.27,0.975
00153_0_0.7050.png,35.68,0.949
00153_1_0.1050.png,46.18,0.998
00153_1_0.4390.png,40.53,0.984
00153_1_0.8830.png,37.04,0.957
00153_2_0.3950.png,44.40,0.995
00153_2_0.4420.png,37.79,0.967
00153_2_0.8990.png,30.50,0.851
00154_0_0.2850.png,43.76,0.997
00154_0_0.6750.png,37.41,0.979
00154_0_0.9690.png,35.05,0.955
00154_1_0.2270.png,45.00,0.997
00154_1_0.6660.png,39.34,0.987
00154_1_0.9270.png,33.00,0.923
00154_2_0.3360.png,42.75,0.996
00154_2_0.4930.png,41.79,0.994
00154_2_0.8510.png,36.21,0.967
00155_0_0.3800.png,38.77,0.992
00155_0_0.6610.png,36.15,0.982
00155_0_0.8010.png,30.80,0.889
00155_1_0.1870.png,45.57,0.998
00155_1_0.4040.png,38.55,0.992
00155_1_0.8560.png,35.08,0.971
00155_2_0.2130.png,44.89,0.998
00155_2_0.6040.png,36.94,0.985
00155_2_0.9470.png,30.81,0.887
00156_0_0.3600.png,40.78,0.994
00156_0_0.6840.png,34.73,0.973
00156_0_0.9200.png,32.06,0.924
00156_1_0.1940.png,40.98,0.996
00156_1_0.4630.png,37.23,0.987
00156_1_0.7910.png,30.45,0.877
00156_2_0.3370.png,40.42,0.995
00156_2_0.5830.png,37.67,0.987
00156_2_0.7490.png,32.86,0.950
00157_0_0.3450.png,37.49,0.988
00157_0_0.5520.png,39.25,0.989
00157_0_0.7080.png,36.80,0.973
00157_1_0.2850.png,38.36,0.992
00157_1_0.6880.png,35.64,0.957
00157_1_0.7890.png,35.61,0.958
00157_2_0.3800.png,38.10,0.984
00157_2_0.4160.png,37.30,0.977
00157_2_0.7440.png,35.15,0.944
00158_0_0.3310.png,41.33,0.991
00158_0_0.5780.png,38.86,0.971
00158_0_0.8110.png,38.60,0.969
00158_1_0.2560.png,41.48,0.992
00158_1_0.6770.png,37.22,0.958
00158_1_0.9530.png,34.08,0.899
00158_2_0.2260.png,41.82,0.995
00158_2_0.4240.png,41.36,0.989
00158_2_0.9660.png,40.30,0.984
00159_0_0.3120.png,43.19,0.992
00159_0_0.5740.png,42.06,0.988
00159_0_0.7670.png,38.27,0.970
00159_1_0.1000.png,42.53,0.997
00159_1_0.4490.png,41.91,0.987
00159_1_0.9360.png,33.64,0.881
00159_2_0.1760.png,45.46,0.997
00159_2_0.4110.png,42.75,0.992
00159_2_0.8510.png,39.08,0.972
00160_0_0.2990.png,41.93,0.991
00160_0_0.5910.png,37.98,0.967
00160_0_0.8280.png,36.33,0.950
00160_1_0.3580.png,42.62,0.993
00160_1_0.4460.png,42.46,0.993
00160_1_0.7780.png,37.51,0.965
00160_2_0.1550.png,42.27,0.994
00160_2_0.4820.png,40.05,0.983
00160_2_0.8430.png,35.08,0.932
00161_0_0.2000.png,45.06,0.995
00161_0_0.5210.png,40.53,0.982
00161_0_0.7680.png,35.26,0.929
00161_1_0.2180.png,46.63,0.997
00161_1_0.6760.png,43.71,0.993
00161_1_0.7830.png,37.60,0.956
00161_2_0.3500.png,43.75,0.992
00161_2_0.5520.png,39.15,0.977
00161_2_0.9730.png,30.97,0.798
00162_0_0.3400.png,40.83,0.987
00162_0_0.5820.png,38.29,0.972
00162_0_0.9240.png,35.49,0.934
00162_1_0.1810.png,41.77,0.994
00162_1_0.4410.png,39.63,0.983
00162_1_0.9750.png,37.88,0.965
00162_2_0.3050.png,40.90,0.991
00162_2_0.4170.png,42.46,0.991
00162_2_0.7550.png,38.19,0.973
00163_0_0.3770.png,44.44,0.993
00163_0_0.5960.png,39.46,0.973
00163_0_0.8710.png,33.27,0.882
00163_1_0.3590.png,44.94,0.994
00163_1_0.6320.png,41.11,0.982
00163_1_0.9100.png,38.22,0.961
00163_2_0.1820.png,46.51,0.997
00163_2_0.4020.png,45.15,0.994
00163_2_0.7710.png,42.21,0.986
00164_0_0.1260.png,47.99,0.998
00164_0_0.6290.png,40.25,0.973
00164_0_0.8660.png,36.85,0.940
00164_1_0.1990.png,49.56,0.998
00164_1_0.6510.png,44.67,0.992
00164_1_0.7230.png,39.83,0.975
00164_2_0.2480.png,45.31,0.994
00164_2_0.5520.png,39.75,0.970
00164_2_0.9770.png,39.24,0.967
00165_0_0.1980.png,45.52,0.996
00165_0_0.6020.png,40.21,0.983
00165_0_0.7000.png,38.94,0.978
00165_1_0.2800.png,45.30,0.996
00165_1_0.5510.png,40.80,0.985
00165_1_0.7980.png,35.64,0.952
00165_2_0.2850.png,42.69,0.992
00165_2_0.4120.png,43.30,0.992
00165_2_0.7230.png,36.51,0.956
00166_0_0.2400.png,43.10,0.995
00166_0_0.6120.png,38.10,0.961
00166_0_0.7950.png,40.53,0.980
00166_1_0.3310.png,41.98,0.989
00166_1_0.4880.png,40.53,0.982
00166_1_0.8030.png,36.76,0.948
00166_2_0.2880.png,40.90,0.987
00166_2_0.4450.png,43.56,0.992
00166_2_0.7680.png,39.96,0.977
00167_0_0.1140.png,49.05,0.998
00167_0_0.6220.png,42.99,0.989
00167_0_0.8180.png,41.49,0.983
00167_1_0.3440.png,42.77,0.989
00167_1_0.6270.png,44.34,0.992
00167_1_0.7920.png,36.10,0.933
00167_2_0.1780.png,47.25,0.997
00167_2_0.5220.png,43.94,0.991
00167_2_0.7180.png,40.38,0.979
00168_0_0.1010.png,46.86,0.998
00168_0_0.5050.png,41.01,0.984
00168_0_0.8160.png,38.15,0.956
00168_1_0.1840.png,46.58,0.997
00168_1_0.4330.png,43.00,0.989
00168_1_0.9320.png,39.24,0.974
00168_2_0.1310.png,47.83,0.998
00168_2_0.6100.png,42.06,0.987
00168_2_0.9920.png,41.34,0.983
00169_0_0.2170.png,47.36,0.997
00169_0_0.6200.png,42.01,0.987
00169_0_0.7100.png,38.10,0.968
00169_1_0.3800.png,39.99,0.980
00169_1_0.4710.png,43.53,0.991
00169_1_0.8710.png,36.55,0.953
00169_2_0.3010.png,43.82,0.992
00169_2_0.6810.png,38.98,0.973
00169_2_0.8170.png,39.02,0.972
00170_0_0.1250.png,47.67,0.998
00170_0_0.4100.png,43.63,0.991
00170_0_0.7450.png,40.04,0.976
00170_1_0.1820.png,47.70,0.998
00170_1_0.4200.png,47.32,0.997
00170_1_0.9180.png,35.63,0.920
00170_2_0.2960.png,43.81,0.991
00170_2_0.4140.png,44.93,0.994
00170_2_0.8980.png,34.70,0.919
00171_0_0.2210.png,46.32,0.996
00171_0_0.6110.png,39.51,0.970
00171_0_0.8780.png,34.76,0.945
00171_1_0.3950.png,42.98,0.989
00171_1_0.4210.png,44.00,0.992
00171_1_0.7920.png,41.11,0.981
00171_2_0.1430.png,47.07,0.998
00171_2_0.6030.png,41.25,0.985
00171_2_0.9800.png,38.72,0.964
00172_0_0.2690.png,45.02,0.993
00172_0_0.4050.png,42.47,0.985
00172_0_0.7900.png,34.77,0.903
00172_1_0.2330.png,46.87,0.996
00172_1_0.6640.png,42.21,0.986
00172_1_0.8520.png,38.13,0.962
00172_2_0.3240.png,45.33,0.993
00172_2_0.6940.png,39.67,0.971
00172_2_0.8130.png,41.65,0.984
00173_0_0.1960.png,43.38,0.996
00173_0_0.5830.png,40.05,0.983
00173_0_0.9350.png,35.06,0.935
00173_1_0.2370.png,43.10,0.994
00173_1_0.4030.png,43.33,0.995
00173_1_0.7320.png,36.94,0.959
00173_2_0.3040.png,43.37,0.995
00173_2_0.5670.png,40.44,0.983
00173_2_0.8010.png,32.21,0.877
00174_0_0.3920.png,40.31,0.988
00174_0_0.4940.png,38.93,0.983
00174_0_0.9930.png,30.78,0.835
00174_1_0.1060.png,45.78,0.997
00174_1_0.6210.png,39.45,0.984
00174_1_0.9150.png,33.93,0.942
00174_2_0.2610.png,43.16,0.994
00174_2_0.6190.png,38.88,0.981
00174_2_0.7760.png,36.27,0.965
00175_0_0.3480.png,39.41,0.988
00175_0_0.6350.png,37.80,0.980
00175_0_0.9000.png,35.26,0.963
00175_1_0.1600.png,43.30,0.996
00175_1_0.4430.png,43.04,0.995
00175_1_0.9330.png,31.10,0.878
00175_2_0.3180.png,41.62,0.993
00175_2_0.4180.png,40.00,0.991
00175_2_0.8650.png,33.16,0.928
00176_0_0.1210.png,47.94,0.999
00176_0_0.5490.png,38.80,0.983
00176_0_0.8330.png,33.49,0.936
00176_1_0.3660.png,42.50,0.994
00176_1_0.4510.png,41.19,0.991
00176_1_0.8730.png,34.16,0.939
00176_2_0.3470.png,40.39,0.990
00176_2_0.5350.png,37.92,0.979
00176_2_0.7330.png,36.32,0.970
00177_0_0.3230.png,38.61,0.990
00177_0_0.5940.png,35.71,0.981
00177_0_0.8650.png,27.05,0.826
00177_1_0.2730.png,40.16,0.994
00177_1_0.4920.png,37.08,0.986
00177_1_0.7040.png,35.47,0.982
00177_2_0.3270.png,37.89,0.989
00177_2_0.4820.png,35.38,0.980
00177_2_0.9740.png,31.65,0.939
00178_0_0.2730.png,44.88,0.996
00178_0_0.6420.png,41.77,0.988
00178_0_0.7270.png,37.93,0.973
00178_1_0.1080.png,47.72,0.998
00178_1_0.4140.png,41.71,0.988
00178_1_0.7730.png,38.46,0.976
00178_2_0.1290.png,46.82,0.997
00178_2_0.4570.png,42.61,0.992
00178_2_0.8840.png,39.06,0.979
00179_0_0.1220.png,51.47,0.999
00179_0_0.4860.png,44.76,0.995
00179_0_0.9020.png,34.70,0.922
00179_1_0.3180.png,46.74,0.996
00179_1_0.4390.png,44.50,0.994
00179_1_0.7210.png,39.10,0.976
00179_2_0.2640.png,47.04,0.996
00179_2_0.5140.png,42.12,0.989
00179_2_0.8540.png,36.77,0.956
00180_0_0.2980.png,46.51,0.997
00180_0_0.4010.png,45.02,0.996
00180_0_0.8690.png,36.10,0.960
00180_1_0.1160.png,51.64,0.999
00180_1_0.6730.png,42.14,0.991
00180_1_0.8060.png,37.22,0.969
00180_2_0.1480.png,50.48,0.999
00180_2_0.4750.png,41.17,0.990
00180_2_0.7810.png,39.62,0.981
00181_0_0.2380.png,46.81,0.997
00181_0_0.4710.png,42.57,0.992
00181_0_0.7390.png,36.52,0.961
00181_1_0.3280.png,43.52,0.993
00181_1_0.6940.png,39.18,0.981
00181_1_0.7480.png,36.01,0.957
00181_2_0.2810.png,47.11,0.997
00181_2_0.5260.png,41.84,0.989
00181_2_0.9330.png,35.44,0.969
00182_0_0.1520.png,46.87,0.998
00182_0_0.6010.png,37.48,0.961
00182_0_0.9720.png,33.15,0.881
00182_1_0.1430.png,46.69,0.999
00182_1_0.6090.png,39.14,0.972
00182_1_0.8380.png,34.89,0.918
00182_2_0.2720.png,44.55,0.995
00182_2_0.6180.png,39.24,0.976
00182_2_0.8090.png,39.34,0.971
00183_0_0.3060.png,44.64,0.998
00183_0_0.5750.png,38.20,0.976
00183_0_0.9130.png,31.20,0.875
00183_1_0.3320.png,42.70,0.995
00183_1_0.4400.png,39.85,0.986
00183_1_0.7840.png,37.18,0.961
00183_2_0.3990.png,44.58,0.997
00183_2_0.6810.png,40.62,0.987
00183_2_0.9100.png,32.82,0.870
00184_0_0.2230.png,48.22,0.997
00184_0_0.4060.png,44.18,0.992
00184_0_0.7920.png,41.20,0.982
00184_1_0.3170.png,44.11,0.994
00184_1_0.6510.png,39.38,0.975
00184_1_0.9050.png,32.12,0.872
00184_2_0.2720.png,44.43,0.992
00184_2_0.5370.png,38.68,0.970
00184_2_0.8410.png,38.04,0.963
00185_0_0.3600.png,43.51,0.992
00185_0_0.5980.png,40.67,0.979
00185_0_0.9830.png,35.51,0.928
00185_1_0.1780.png,46.93,0.998
00185_1_0.5610.png,41.09,0.983
00185_1_0.7330.png,38.79,0.965
00185_2_0.2190.png,45.85,0.996
00185_2_0.6500.png,37.60,0.957
00185_2_0.8740.png,37.12,0.947
00186_0_0.1860.png,47.44,0.997
00186_0_0.6500.png,39.62,0.974
00186_0_0.8640.png,38.46,0.963
00186_1_0.1370.png,44.77,0.997
00186_1_0.5400.png,42.66,0.987
00186_1_0.8890.png,35.47,0.926
00186_2_0.3770.png,42.82,0.991
00186_2_0.5540.png,40.82,0.978
00186_2_0.8710.png,32.52,0.868
00187_0_0.2990.png,46.18,0.996
00187_0_0.4490.png,45.16,0.994
00187_0_0.7750.png,38.49,0.961
00187_1_0.1970.png,46.58,0.996
00187_1_0.4260.png,42.37,0.985
00187_1_0.9410.png,32.85,0.852
00187_2_0.2010.png,46.67,0.997
00187_2_0.6430.png,39.90,0.973
00187_2_0.9270.png,38.70,0.961
00188_0_0.2710.png,43.45,0.992
00188_0_0.6960.png,38.19,0.960
00188_0_0.7440.png,43.66,0.992
00188_1_0.2880.png,45.02,0.995
00188_1_0.4070.png,43.84,0.992
00188_1_0.7730.png,40.16,0.977
00188_2_0.2830.png,47.52,0.997
00188_2_0.4860.png,42.09,0.986
00188_2_0.8410.png,36.01,0.923
00189_0_0.1750.png,47.13,0.998
00189_0_0.6090.png,41.85,0.985
00189_0_0.9180.png,34.44,0.889
00189_1_0.3950.png,41.77,0.985
00189_1_0.6190.png,43.11,0.989
00189_1_0.7160.png,39.39,0.970
00189_2_0.2290.png,45.56,0.995
00189_2_0.4160.png,43.82,0.991
00189_2_0.8020.png,39.54,0.970
00190_0_0.2450.png,43.26,0.994
00190_0_0.5320.png,42.11,0.992
00190_0_0.7700.png,36.96,0.957
00190_1_0.1910.png,48.55,0.998
00190_1_0.4290.png,40.53,0.983
00190_1_0.8400.png,36.23,0.945
00190_2_0.2530.png,46.23,0.997
00190_2_0.4900.png,40.16,0.984
00190_2_0.8350.png,39.15,0.977
00191_0_0.2940.png,40.33,0.989
00191_0_0.6490.png,38.48,0.968
00191_0_0.9660.png,35.24,0.935
00191_1_0.3240.png,41.16,0.993
00191_1_0.6140.png,36.58,0.958
00191_1_0.7670.png,38.70,0.973
00191_2_0.3770.png,41.25,0.989
00191_2_0.4800.png,38.69,0.977
00191_2_0.9580.png,34.04,0.890
00192_0_0.2720.png,41.01,0.995
00192_0_0.4100.png,41.56,0.988
00192_0_0.7440.png,37.71,0.966
00192_1_0.1900.png,41.63,0.996
00192_1_0.5630.png,39.55,0.982
00192_1_0.9160.png,36.38,0.946
00192_2_0.3390.png,42.25,0.992
00192_2_0.5830.png,40.39,0.987
00192_2_0.7440.png,38.66,0.974
00193_0_0.1310.png,42.56,0.996
00193_0_0.6290.png,40.45,0.975
00193_0_0.8720.png,34.97,0.928
00193_1_0.2100.png,43.77,0.996
00193_1_0.4550.png,43.56,0.992
00193_1_0.9820.png,36.75,0.941
00193_2_0.2890.png,43.55,0.992
00193_2_0.6930.png,40.30,0.977
00193_2_0.8430.png,37.98,0.954
00194_0_0.1610.png,44.78,0.997
00194_0_0.5360.png,40.76,0.986
00194_0_0.9560.png,40.67,0.984
00194_1_0.2940.png,43.39,0.994
00194_1_0.4700.png,42.46,0.991
00194_1_0.7400.png,37.86,0.964
00194_2_0.3180.png,42.47,0.993
00194_2_0.4590.png,42.03,0.987
00194_2_0.9920.png,31.94,0.842
00195_0_0.2270.png,44.63,0.995
00195_0_0.6620.png,42.00,0.987
00195_0_0.8920.png,37.02,0.950
00195_1_0.1450.png,45.73,0.996
00195_1_0.5050.png,42.11,0.988
00195_1_0.8390.png,37.67,0.966
00195_2_0.1810.png,45.48,0.996
00195_2_0.4500.png,39.74,0.979
00195_2_0.8210.png,36.13,0.944
00196_0_0.1930.png,45.01,0.995
00196_0_0.5470.png,38.59,0.971
00196_0_0.7400.png,34.81,0.932
00196_1_0.2350.png,42.25,0.988
00196_1_0.4190.png,38.77,0.973
00196_1_0.7280.png,36.54,0.954
00196_2_0.2280.png,42.32,0.988
00196_2_0.4470.png,38.81,0.973
00196_2_0.8970.png,32.54,0.876
00197_0_0.3320.png,40.73,0.989
00197_0_0.6700.png,37.29,0.973
00197_0_0.8280.png,32.47,0.904
00197_1_0.3020.png,41.62,0.991
00197_1_0.4910.png,38.93,0.983
00197_1_0.8790.png,33.12,0.936
00197_2_0.2300.png,42.69,0.994
00197_2_0.4090.png,40.89,0.989
00197_2_0.7970.png,32.53,0.898
00198_0_0.3270.png,40.81,0.990
00198_0_0.4240.png,38.15,0.980
00198_0_0.7170.png,34.01,0.930
00198_1_0.1080.png,43.76,0.996
00198_1_0.5580.png,34.77,0.944
00198_1_0.9530.png,31.15,0.890
00198_2_0.2470.png,41.85,0.995
00198_2_0.6360.png,34.62,0.940
00198_2_0.9310.png,33.76,0.926
00199_0_0.1570.png,44.50,0.996
00199_0_0.5930.png,37.03,0.962
00199_0_0.9320.png,32.73,0.874
00199_1_0.3340.png,42.87,0.993
00199_1_0.6940.png,43.05,0.991
00199_1_0.9330.png,33.72,0.900
00199_2_0.3840.png,41.33,0.989
00199_2_0.6510.png,36.86,0.956
00199_2_0.7390.png,38.59,0.972
00200_0_0.2580.png,41.52,0.995
00200_0_0.4910.png,36.33,0.971
00200_0_0.7400.png,33.20,0.917
00200_1_0.1390.png,42.21,0.996
00200_1_0.6590.png,35.82,0.964
00200_1_0.8390.png,31.30,0.881
00200_2_0.1630.png,40.58,0.992
00200_2_0.5970.png,36.14,0.961
00200_2_0.7870.png,35.72,0.960
00201_0_0.3110.png,43.42,0.994
00201_0_0.5690.png,38.91,0.977
00201_0_0.8430.png,34.63,0.928
00201_1_0.3630.png,42.34,0.990
00201_1_0.5320.png,38.57,0.972
00201_1_0.7750.png,36.90,0.962
00201_2_0.1570.png,45.00,0.996
00201_2_0.6540.png,35.55,0.950
00201_2_0.9970.png,32.83,0.895
00202_0_0.3750.png,43.37,0.993
00202_0_0.6480.png,40.99,0.989
00202_0_0.7760.png,40.45,0.986
00202_1_0.1210.png,48.29,0.998
00202_1_0.5170.png,41.16,0.991
00202_1_0.7070.png,42.06,0.987
00202_2_0.3580.png,42.38,0.993
00202_2_0.6570.png,41.16,0.988
00202_2_0.8700.png,36.11,0.969
00203_0_0.2680.png,42.17,0.995
00203_0_0.5500.png,38.98,0.989
00203_0_0.7740.png,35.61,0.978
00203_1_0.2800.png,41.97,0.996
00203_1_0.5650.png,37.67,0.984
00203_1_0.7080.png,38.93,0.986
00203_2_0.2180.png,42.12,0.995
00203_2_0.5940.png,38.98,0.988
00203_2_0.7500.png,34.12,0.958
00204_0_0.2020.png,44.15,0.994
00204_0_0.6060.png,41.15,0.990
00204_0_0.8410.png,36.56,0.973
00204_1_0.1340.png,48.02,0.998
00204_1_0.6910.png,37.36,0.977
00204_1_0.7310.png,34.65,0.953
00204_2_0.3460.png,41.89,0.991
00204_2_0.4590.png,44.71,0.996
00204_2_0.8060.png,36.09,0.966
00205_0_0.1600.png,48.65,0.998
00205_0_0.5280.png,41.38,0.989
00205_0_0.7690.png,41.34,0.990
00205_1_0.1740.png,50.62,0.999
00205_1_0.5150.png,44.59,0.996
00205_1_0.8890.png,41.29,0.990
00205_2_0.3380.png,44.46,0.995
00205_2_0.6500.png,44.95,0.995
00205_2_0.7510.png,38.27,0.976
00206_0_0.2210.png,44.10,0.996
00206_0_0.5490.png,39.29,0.982
00206_0_0.9900.png,32.42,0.884
00206_1_0.1090.png,45.79,0.998
00206_1_0.6530.png,38.40,0.983
00206_1_0.7870.png,34.19,0.933
00206_2_0.3930.png,39.91,0.986
00206_2_0.4300.png,37.59,0.969
00206_2_0.8190.png,36.80,0.959
00207_0_0.1510.png,45.93,0.996
00207_0_0.6470.png,40.18,0.982
00207_0_0.7590.png,35.72,0.946
00207_1_0.2440.png,44.32,0.994
00207_1_0.6200.png,37.23,0.966
00207_1_0.9370.png,40.10,0.980
00207_2_0.1380.png,47.90,0.998
00207_2_0.6840.png,38.03,0.971
00207_2_0.9930.png,37.33,0.967
00208_0_0.3930.png,43.90,0.992
00208_0_0.6770.png,39.45,0.974
00208_0_0.8270.png,34.04,0.919
00208_1_0.2210.png,45.09,0.996
00208_1_0.6270.png,38.86,0.973
00208_1_0.7790.png,37.30,0.965
00208_2_0.3050.png,43.80,0.992
00208_2_0.4570.png,42.85,0.990
00208_2_0.8650.png,42.90,0.989
00209_0_0.2460.png,48.43,0.998
00209_0_0.5400.png,42.12,0.988
00209_0_0.9730.png,34.19,0.906
00209_1_0.2960.png,41.83,0.987
00209_1_0.4250.png,42.97,0.989
00209_1_0.8060.png,39.40,0.972
00209_2_0.1900.png,47.44,0.997
00209_2_0.5430.png,45.15,0.993
00209_2_0.8150.png,38.57,0.963
00210_0_0.1060.png,45.80,0.998
00210_0_0.5980.png,38.00,0.975
00210_0_0.9060.png,35.86,0.940
00210_1_0.2270.png,41.52,0.989
00210_1_0.4480.png,40.49,0.984
00210_1_0.9230.png,36.31,0.961
00210_2_0.3530.png,41.70,0.992
00210_2_0.5800.png,34.73,0.929
00210_2_0.7610.png,33.93,0.921
00211_0_0.3490.png,40.73,0.987
00211_0_0.6550.png,35.59,0.946
00211_0_0.7130.png,34.85,0.931
00211_1_0.3670.png,40.51,0.988
00211_1_0.5480.png,37.53,0.964
00211_1_0.7510.png,37.32,0.965
00211_2_0.3750.png,39.56,0.983
00211_2_0.4110.png,39.54,0.981
00211_2_0.8840.png,37.58,0.967
00212_0_0.3550.png,42.28,0.987
00212_0_0.5460.png,41.25,0.983
00212_0_0.8570.png,39.30,0.972
00212_1_0.2010.png,44.58,0.993
00212_1_0.4260.png,45.34,0.993
00212_1_0.9810.png,32.89,0.853
00212_2_0.2840.png,46.22,0.995
00212_2_0.4050.png,41.94,0.985
00212_2_0.7560.png,39.74,0.975
00213_0_0.2870.png,44.81,0.996
00213_0_0.4010.png,42.76,0.991
00213_0_0.9550.png,34.55,0.912
00213_1_0.3200.png,46.07,0.996
00213_1_0.4630.png,40.73,0.986
00213_1_0.9920.png,38.39,0.965
00213_2_0.1360.png,45.86,0.998
00213_2_0.5750.png,41.45,0.987
00213_2_0.9590.png,38.47,0.971
00214_0_0.1930.png,40.05,0.995
00214_0_0.4070.png,38.10,0.987
00214_0_0.7400.png,34.49,0.940
00214_1_0.1050.png,41.61,0.997
00214_1_0.5570.png,39.71,0.986
00214_1_0.8050.png,39.78,0.986
00214_2_0.1670.png,43.93,0.996
00214_2_0.4530.png,37.84,0.986
00214_2_0.7550.png,37.63,0.970
00215_0_0.1740.png,46.40,0.997
00215_0_0.5200.png,38.63,0.969
00215_0_0.9620.png,34.03,0.896
00215_1_0.1710.png,48.10,0.998
00215_1_0.6260.png,40.62,0.981
00215_1_0.7430.png,38.01,0.962
00215_2_0.3220.png,43.31,0.992
00215_2_0.4180.png,41.73,0.986
00215_2_0.9910.png,41.79,0.984
00216_0_0.2200.png,45.03,0.995
00216_0_0.5320.png,41.98,0.987
00216_0_0.8640.png,35.95,0.934
00216_1_0.2350.png,45.95,0.995
00216_1_0.4270.png,41.02,0.984
00216_1_0.8410.png,37.77,0.960
00216_2_0.1520.png,46.53,0.996
00216_2_0.5510.png,38.96,0.974
00216_2_0.7790.png,37.01,0.957
00217_0_0.2220.png,44.96,0.997
00217_0_0.4140.png,43.39,0.996
00217_0_0.9160.png,32.38,0.905
00217_1_0.2760.png,41.93,0.992
00217_1_0.4410.png,41.40,0.990
00217_1_0.9430.png,30.95,0.878
00217_2_0.2060.png,41.95,0.993
00217_2_0.4320.png,42.51,0.993
00217_2_0.8500.png,30.75,0.867
00218_0_0.2880.png,42.50,0.992
00218_0_0.6590.png,34.95,0.943
00218_0_0.8710.png,34.66,0.946
00218_1_0.1290.png,45.68,0.996
00218_1_0.4940.png,38.48,0.972
00218_1_0.7090.png,37.92,0.972
00218_2_0.3050.png,40.84,0.986
00218_2_0.6010.png,37.16,0.967
00218_2_0.7470.png,38.35,0.976
00219_0_0.2660.png,42.01,0.993
00219_0_0.6620.png,36.10,0.960
00219_0_0.7950.png,32.77,0.910
00219_1_0.3590.png,40.36,0.990
00219_1_0.6660.png,36.52,0.968
00219_1_0.7050.png,39.27,0.987
00219_2_0.1560.png,44.11,0.997
00219_2_0.4150.png,38.54,0.982
00219_2_0.8810.png,32.90,0.922
00220_0_0.3560.png,40.44,0.986
00220_0_0.5820.png,38.22,0.975
00220_0_0.8940.png,32.97,0.918
00220_1_0.1480.png,45.36,0.996
00220_1_0.5100.png,36.46,0.964
00220_1_0.8790.png,35.32,0.949
00220_2_0.1990.png,46.29,0.997
00220_2_0.6460.png,35.02,0.949
00220_2_0.8750.png,33.12,0.916
00221_0_0.3610.png,42.60,0.992
00221_0_0.6410.png,41.25,0.986
00221_0_0.8430.png,37.31,0.956
00221_1_0.3530.png,43.51,0.993
00221_1_0.4860.png,41.65,0.987
00221_1_0.9590.png,37.62,0.954
00221_2_0.1360.png,44.72,0.998
00221_2_0.6520.png,41.38,0.985
00221_2_0.9410.png,38.56,0.968
00222_0_0.3920.png,45.17,0.994
00222_0_0.5430.png,44.45,0.993
00222_0_0.8090.png,37.05,0.952
00222_1_0.3100.png,45.76,0.995
00222_1_0.4280.png,41.21,0.987
00222_1_0.7510.png,38.18,0.960
00222_2_0.3220.png,45.68,0.994
00222_2_0.5410.png,45.19,0.993
00222_2_0.9280.png,36.80,0.950
00223_0_0.1260.png,46.25,0.998
00223_0_0.6620.png,40.24,0.981
00223_0_0.8950.png,37.94,0.957
00223_1_0.3000.png,43.69,0.994
00223_1_0.4380.png,41.56,0.988
00223_1_0.8310.png,36.90,0.948
00223_2_0.3600.png,44.38,0.994
00223_2_0.6590.png,39.86,0.982
00223_2_0.9450.png,37.08,0.948
00224_0_0.3730.png,42.52,0.990
00224_0_0.5230.png,39.91,0.981
00224_0_0.7470.png,38.48,0.975
00224_1_0.3600.png,41.32,0.987
00224_1_0.6220.png,37.08,0.964
00224_1_0.9930.png,34.88,0.938
00224_2_0.1490.png,48.91,0.998
00224_2_0.5230.png,42.86,0.992
00224_2_0.8360.png,35.24,0.954
00225_0_0.3190.png,44.41,0.994
00225_0_0.5210.png,38.72,0.972
00225_0_0.8800.png,39.88,0.978
00225_1_0.3840.png,42.78,0.990
00225_1_0.4910.png,42.20,0.987
00225_1_0.8330.png,35.67,0.938
00225_2_0.2280.png,47.44,0.997
00225_2_0.5690.png,43.34,0.990
00225_2_0.8090.png,35.07,0.926
00226_0_0.3950.png,35.03,0.973
00226_0_0.4820.png,34.06,0.966
00226_0_0.8350.png,33.68,0.955
00226_1_0.3260.png,41.10,0.994
00226_1_0.5820.png,34.12,0.977
00226_1_0.8130.png,32.69,0.953
00226_2_0.3570.png,35.81,0.981
00226_2_0.4630.png,35.14,0.972
00226_2_0.7870.png,35.85,0.980
00227_0_0.2710.png,37.61,0.979
00227_0_0.6710.png,31.92,0.924
00227_0_0.7640.png,31.71,0.924
00227_1_0.1740.png,36.95,0.977
00227_1_0.4840.png,33.81,0.952
00227_1_0.7580.png,28.02,0.822
00227_2_0.3290.png,38.38,0.984
00227_2_0.5730.png,31.86,0.925
00227_2_0.7140.png,31.68,0.918
00228_0_0.3180.png,37.05,0.975
00228_0_0.4830.png,35.84,0.968
00228_0_0.9780.png,26.54,0.750
00228_1_0.3820.png,37.78,0.979
00228_1_0.4470.png,37.87,0.982
00228_1_0.7060.png,34.41,0.956
00228_2_0.3250.png,37.06,0.977
00228_2_0.6370.png,36.04,0.968
00228_2_0.9090.png,34.99,0.964
00229_0_0.3660.png,36.20,0.977
00229_0_0.6710.png,33.08,0.942
00229_0_0.8410.png,31.38,0.913
00229_1_0.1230.png,38.01,0.988
00229_1_0.5580.png,36.49,0.978
00229_1_0.7690.png,32.44,0.940
00229_2_0.2940.png,37.97,0.984
00229_2_0.6850.png,33.29,0.944
00229_2_0.8680.png,31.48,0.928
00230_0_0.1190.png,41.69,0.996
00230_0_0.6710.png,35.35,0.965
00230_0_0.8070.png,31.17,0.906
00230_1_0.3590.png,35.83,0.979
00230_1_0.4170.png,38.33,0.986
00230_1_0.7340.png,31.96,0.940
00230_2_0.3200.png,37.37,0.985
00230_2_0.4610.png,37.93,0.985
00230_2_0.7080.png,36.00,0.968
00231_0_0.3790.png,40.21,0.991
00231_0_0.5720.png,38.22,0.985
00231_0_0.8920.png,33.19,0.940
00231_1_0.1240.png,42.56,0.995
00231_1_0.4060.png,39.87,0.989
00231_1_0.9180.png,29.09,0.856
00231_2_0.1170.png,43.35,0.995
00231_2_0.4250.png,37.89,0.982
00231_2_0.7410.png,31.51,0.904
00232_0_0.2830.png,39.79,0.990
00232_0_0.6140.png,38.30,0.984
00232_0_0.8890.png,34.91,0.961
00232_1_0.1160.png,42.21,0.995
00232_1_0.4270.png,37.12,0.978
00232_1_0.9280.png,30.23,0.875
00232_2_0.2190.png,42.29,0.996
00232_2_0.4210.png,38.74,0.985
00232_2_0.8590.png,28.97,0.845
00233_0_0.2320.png,41.29,0.991
00233_0_0.5350.png,36.72,0.972
00233_0_0.7730.png,35.95,0.960
00233_1_0.3050.png,40.97,0.991
00233_1_0.6080.png,38.82,0.981
00233_1_0.7630.png,36.58,0.967
00233_2_0.2020.png,43.14,0.996
00233_2_0.5580.png,38.62,0.982
00233_2_0.7780.png,34.80,0.950
00234_0_0.3930.png,38.63,0.983
00234_0_0.4010.png,39.70,0.986
00234_0_0.8140.png,31.35,0.889
00234_1_0.2590.png,42.38,0.995
00234_1_0.5000.png,39.53,0.985
00234_1_0.9770.png,26.58,0.754
00234_2_0.1370.png,42.80,0.997
00234_2_0.6470.png,35.54,0.960
00234_2_0.9740.png,31.51,0.897
00235_0_0.3360.png,39.11,0.989
00235_0_0.4270.png,41.31,0.994
00235_0_0.9800.png,31.42,0.939
00235_1_0.2100.png,42.36,0.995
00235_1_0.5980.png,36.03,0.977
00235_1_0.7830.png,33.27,0.950
00235_2_0.3660.png,41.26,0.994
00235_2_0.4220.png,38.20,0.986
00235_2_0.7000.png,35.90,0.978
00236_0_0.1580.png,41.43,0.994
00236_0_0.5860.png,36.87,0.970
00236_0_0.8940.png,32.74,0.931
00236_1_0.2800.png,42.12,0.994
00236_1_0.5400.png,39.34,0.985
00236_1_0.8420.png,33.57,0.934
00236_2_0.1320.png,41.42,0.996
00236_2_0.4220.png,41.84,0.992
00236_2_0.8060.png,35.42,0.957
00237_0_0.1910.png,40.11,0.991
00237_0_0.4960.png,37.89,0.978
00237_0_0.9130.png,38.12,0.979
00237_1_0.2090.png,42.44,0.994
00237_1_0.6880.png,37.25,0.977
00237_1_0.8430.png,34.72,0.953
00237_2_0.2540.png,40.20,0.991
00237_2_0.6160.png,37.54,0.978
00237_2_0.8080.png,32.17,0.915
00238_0_0.1380.png,43.77,0.996
00238_0_0.6780.png,38.04,0.972
00238_0_0.8930.png,33.80,0.906
00238_1_0.2920.png,41.78,0.990
00238_1_0.6680.png,39.71,0.979
00238_1_0.7040.png,36.00,0.950
00238_2_0.3790.png,40.60,0.987
00238_2_0.6240.png,41.77,0.990
00238_2_0.9300.png,38.42,0.974
00239_0_0.3210.png,41.75,0.993
00239_0_0.6770.png,39.60,0.981
00239_0_0.8640.png,34.57,0.925
00239_1_0.1150.png,41.81,0.996
00239_1_0.6560.png,39.24,0.979
00239_1_0.8150.png,35.27,0.942
00239_2_0.2360.png,42.52,0.994
00239_2_0.4010.png,40.84,0.988
00239_2_0.8870.png,36.39,0.953
00240_0_0.2500.png,41.58,0.992
00240_0_0.6330.png,37.60,0.975
00240_0_0.7740.png,38.09,0.976
00240_1_0.2900.png,41.97,0.991
00240_1_0.4990.png,38.85,0.976
00240_1_0.8050.png,34.49,0.929
00240_2_0.1210.png,42.17,0.994
00240_2_0.4550.png,39.45,0.982
00240_2_0.9910.png,28.15,0.722
00241_0_0.1270.png,50.80,0.999
00241_0_0.6660.png,40.83,0.991
00241_0_0.8280.png,37.12,0.976
00241_1_0.3960.png,46.71,0.997
00241_1_0.6400.png,41.50,0.991
00241_1_0.8610.png,35.04,0.936
00241_2_0.2510.png,46.53,0.997
00241_2_0.4630.png,42.92,0.993
00241_2_0.8110.png,38.84,0.976
00242_0_0.1880.png,49.08,0.999
00242_0_0.5070.png,44.12,0.995
00242_0_0.9090.png,34.51,0.930
00242_1_0.2890.png,48.27,0.999
00242_1_0.5070.png,44.53,0.995
00242_1_0.9940.png,30.97,0.848
00242_2_0.2620.png,48.67,0.999
00242_2_0.4450.png,46.13,0.997
00242_2_0.9420.png,40.46,0.985
00243_0_0.1020.png,47.35,0.999
00243_0_0.4410.png,46.92,0.997
00243_0_0.8750.png,44.93,0.995
00243_1_0.1640.png,48.56,0.998
00243_1_0.6790.png,47.74,0.997
00243_1_0.9130.png,40.81,0.971
00243_2_0.1020.png,45.38,0.999
00243_2_0.5980.png,45.36,0.995
00243_2_0.7710.png,44.59,0.996
00244_0_0.3750.png,44.29,0.996
00244_0_0.4640.png,43.27,0.996
00244_0_0.9490.png,34.75,0.953
00244_1_0.1370.png,49.80,0.999
00244_1_0.6510.png,42.41,0.994
00244_1_0.7060.png,43.95,0.996
00244_2_0.1100.png,50.54,0.999
00244_2_0.4730.png,42.98,0.995
00244_2_0.7480.png,39.22,0.985
00245_0_0.1080.png,49.50,0.999
00245_0_0.4440.png,43.83,0.995
00245_0_0.8010.png,43.15,0.995
00245_1_0.3930.png,46.56,0.998
00245_1_0.6570.png,45.06,0.997
00245_1_0.9900.png,34.42,0.934
00245_2_0.3790.png,47.82,0.999
00245_2_0.6270.png,42.85,0.993
00245_2_0.8040.png,36.75,0.965
00246_0_0.1880.png,45.59,0.996
00246_0_0.5290.png,41.34,0.983
00246_0_0.7850.png,38.95,0.971
00246_1_0.1430.png,46.40,0.997
00246_1_0.4900.png,38.93,0.970
00246_1_0.7080.png,39.60,0.974
00246_2_0.3110.png,43.74,0.992
00246_2_0.4140.png,42.80,0.989
00246_2_0.7030.png,37.14,0.954
00247_0_0.2460.png,38.47,0.985
00247_0_0.4260.png,36.61,0.980
00247_0_0.9140.png,33.17,0.939
00247_1_0.1380.png,44.27,0.997
00247_1_0.5570.png,35.28,0.966
00247_1_0.7210.png,32.82,0.929
00247_2_0.1180.png,43.35,0.997
00247_2_0.4470.png,36.77,0.975
00247_2_0.9200.png,29.29,0.918
00248_0_0.2850.png,44.03,0.993
00248_0_0.6910.png,40.73,0.978
00248_0_0.9350.png,39.66,0.969
00248_1_0.1370.png,49.46,0.998
00248_1_0.6100.png,40.60,0.980
00248_1_0.9940.png,38.87,0.966
00248_2_0.3820.png,46.75,0.995
00248_2_0.5520.png,40.36,0.978
00248_2_0.9290.png,38.79,0.960
00249_0_0.3640.png,43.82,0.991
00249_0_0.4380.png,43.68,0.989
00249_0_0.7730.png,39.42,0.972
00249_1_0.3420.png,42.81,0.988
00249_1_0.4990.png,38.83,0.974
00249_1_0.9200.png,35.62,0.942
00249_2_0.1080.png,48.42,0.997
00249_2_0.5290.png,43.71,0.990
00249_2_0.7790.png,38.74,0.964
00250_0_0.1890.png,46.13,0.995
00250_0_0.4600.png,40.61,0.981
00250_0_0.8960.png,35.92,0.944
00250_1_0.3010.png,44.13,0.991
00250_1_0.6630.png,38.89,0.971
00250_1_0.9150.png,35.03,0.921
00250_2_0.3110.png,42.63,0.988
00250_2_0.6690.png,40.03,0.978
00250_2_0.8050.png,35.70,0.947
00251_0_0.2770.png,42.78,0.991
00251_0_0.5350.png,40.39,0.981
00251_0_0.8450.png,32.03,0.863
00251_1_0.3730.png,41.37,0.986
00251_1_0.5410.png,40.01,0.980
00251_1_0.8800.png,33.34,0.905
00251_2_0.2760.png,43.52,0.992
00251_2_0.5410.png,41.12,0.985
00251_2_0.9410.png,33.42,0.899
00252_0_0.2250.png,45.58,0.994
00252_0_0.6340.png,38.50,0.968
00252_0_0.7870.png,42.47,0.987
00252_1_0.1010.png,48.53,0.998
00252_1_0.5420.png,38.80,0.972
00252_1_0.8910.png,36.90,0.955
00252_2_0.1120.png,47.49,0.997
00252_2_0.6240.png,38.81,0.972
00252_2_0.7760.png,35.95,0.944
00253_0_0.2830.png,39.60,0.989
00253_0_0.5820.png,37.07,0.976
00253_0_0.7930.png,35.28,0.960
00253_1_0.1310.png,44.00,0.997
00253_1_0.6700.png,35.55,0.968
00253_1_0.7140.png,34.70,0.946
00253_2_0.1940.png,42.22,0.995
00253_2_0.6510.png,35.34,0.964
00253_2_0.8920.png,33.16,0.932
00254_0_0.2990.png,41.28,0.987
00254_0_0.6100.png,38.51,0.972
00254_0_0.7380.png,41.22,0.985
00254_1_0.2240.png,42.63,0.990
00254_1_0.5060.png,37.91,0.965
00254_1_0.9640.png,37.07,0.962
00254_2_0.3060.png,39.65,0.979
00254_2_0.6470.png,36.59,0.954
00254_2_0.7110.png,37.73,0.969
00255_0_0.1380.png,43.36,0.994
00255_0_0.4600.png,41.92,0.992
00255_0_0.9300.png,32.83,0.928
00255_1_0.2590.png,42.44,0.993
00255_1_0.5650.png,40.28,0.985
00255_1_0.9850.png,33.08,0.923
00255_2_0.1130.png,44.91,0.997
00255_2_0.4520.png,35.99,0.965
00255_2_0.7920.png,34.01,0.939
00256_0_0.2470.png,40.00,0.989
00256_0_0.6280.png,36.64,0.975
00256_0_0.9550.png,33.29,0.930
00256_1_0.2160.png,42.68,0.996
00256_1_0.5630.png,33.82,0.940
00256_1_0.9090.png,31.49,0.896
00256_2_0.1240.png,42.52,0.994
00256_2_0.4420.png,41.68,0.991
00256_2_0.7450.png,32.17,0.902
00257_0_0.1080.png,39.53,0.994
00257_0_0.5270.png,41.58,0.989
00257_0_0.7220.png,39.79,0.984
00257_1_0.1220.png,41.40,0.995
00257_1_0.5860.png,39.68,0.980
00257_1_0.9110.png,35.96,0.942
00257_2_0.1350.png,41.21,0.995
00257_2_0.6520.png,39.65,0.980
00257_2_0.7710.png,37.52,0.960
00258_0_0.2390.png,43.06,0.997
00258_0_0.4260.png,44.07,0.994
00258_0_0.7930.png,41.31,0.985
00258_1_0.3620.png,44.20,0.994
00258_1_0.5950.png,41.88,0.985
00258_1_0.9490.png,34.79,0.938
00258_2_0.3760.png,44.25,0.995
00258_2_0.4280.png,44.84,0.995
00258_2_0.9720.png,31.03,0.880
00259_0_0.2880.png,45.90,0.996
00259_0_0.6480.png,42.84,0.986
00259_0_0.9860.png,33.05,0.926
00259_1_0.1810.png,46.49,0.996
00259_1_0.6650.png,42.82,0.988
00259_1_0.9460.png,38.84,0.965
00259_2_0.1890.png,47.36,0.996
00259_2_0.5760.png,42.02,0.982
00259_2_0.9300.png,40.79,0.975
00260_0_0.3060.png,41.39,0.997
00260_0_0.5450.png,36.11,0.990
00260_0_0.7410.png,31.69,0.970
00260_1_0.2200.png,39.56,0.995
00260_1_0.4120.png,37.91,0.993
00260_1_0.9410.png,25.18,0.880
00260_2_0.1020.png,44.00,0.999
00260_2_0.4200.png,37.52,0.993
00260_2_0.7640.png,31.47,0.966
00261_0_0.1570.png,47.49,0.998
00261_0_0.4490.png,41.31,0.988
00261_0_0.7850.png,36.68,0.963
00261_1_0.2260.png,46.38,0.996
00261_1_0.5430.png,40.07,0.982
00261_1_0.8830.png,34.53,0.930
00261_2_0.2460.png,44.76,0.995
00261_2_0.5440.png,42.10,0.989
00261_2_0.7530.png,35.36,0.939
00262_0_0.2110.png,45.07,0.996
00262_0_0.4160.png,37.88,0.974
00262_0_0.9250.png,29.53,0.830
00262_1_0.1690.png,44.63,0.995
00262_1_0.6770.png,35.71,0.952
00262_1_0.8230.png,33.62,0.950
00262_2_0.3590.png,40.53,0.985
00262_2_0.6480.png,36.00,0.957
00262_2_0.9160.png,35.39,0.964
00263_0_0.2820.png,42.58,0.994
00263_0_0.5350.png,36.95,0.976
00263_0_0.7820.png,34.66,0.961
00263_1_0.2800.png,43.87,0.996
00263_1_0.4610.png,38.27,0.984
00263_1_0.7270.png,37.25,0.978
00263_2_0.3110.png,43.54,0.996
00263_2_0.6410.png,36.03,0.969
00263_2_0.9410.png,25.60,0.781
00264_0_0.1970.png,44.96,0.995
00264_0_0.5180.png,37.28,0.968
00264_0_0.7650.png,34.86,0.953
00264_1_0.3930.png,39.93,0.983
00264_1_0.5710.png,41.66,0.991
00264_1_0.8250.png,35.21,0.954
00264_2_0.3850.png,41.48,0.987
00264_2_0.5320.png,41.87,0.989
00264_2_0.8830.png,37.07,0.959
00265_0_0.1860.png,42.94,0.998
00265_0_0.6890.png,38.99,0.980
00265_0_0.7220.png,37.00,0.967
00265_1_0.1290.png,42.61,0.998
00265_1_0.4630.png,38.43,0.976
00265_1_0.8580.png,36.91,0.963
00265_2_0.1390.png,43.64,0.997
00265_2_0.6810.png,37.40,0.974
00265_2_0.9000.png,27.74,0.826
00266_0_0.3790.png,39.06,0.982
00266_0_0.4590.png,38.85,0.980
00266_0_0.8640.png,32.42,0.895
00266_1_0.3360.png,40.93,0.988
00266_1_0.6620.png,37.64,0.974
00266_1_0.8720.png,29.62,0.930
00266_2_0.1960.png,44.88,0.996
00266_2_0.6920.png,36.73,0.969
00266_2_0.9690.png,34.91,0.945
00267_0_0.3450.png,44.75,0.996
00267_0_0.5960.png,38.48,0.978
00267_0_0.8660.png,34.18,0.951
00267_1_0.3720.png,42.86,0.993
00267_1_0.5440.png,40.33,0.987
00267_1_0.9430.png,37.43,0.976
00267_2_0.3070.png,43.27,0.994
00267_2_0.6340.png,37.36,0.971
00267_2_0.8530.png,35.73,0.970
00268_0_0.2000.png,43.48,0.994
00268_0_0.6750.png,35.80,0.976
00268_0_0.7020.png,36.94,0.968
00268_1_0.2150.png,45.15,0.996
00268_1_0.6270.png,36.49,0.969
00268_1_0.7620.png,34.32,0.958
00268_2_0.2900.png,41.17,0.991
00268_2_0.5870.png,37.79,0.976
00268_2_0.9390.png,25.77,0.764
00269_0_0.3800.png,44.34,0.994
00269_0_0.5800.png,41.81,0.988
00269_0_0.9390.png,39.00,0.973
00269_1_0.3870.png,41.91,0.988
00269_1_0.4860.png,42.16,0.990
00269_1_0.9250.png,33.84,0.909
00269_2_0.3620.png,42.72,0.992
00269_2_0.5700.png,43.56,0.993
00269_2_0.8540.png,34.73,0.928
00270_0_0.2190.png,47.16,0.997
00270_0_0.4650.png,44.03,0.990
00270_0_0.8850.png,43.12,0.989
00270_1_0.2240.png,47.56,0.997
00270_1_0.4160.png,42.94,0.990
00270_1_0.7560.png,39.47,0.971
00270_2_0.1160.png,42.37,0.998
00270_2_0.6390.png,39.71,0.972
00270_2_0.9070.png,37.20,0.954
00271_0_0.2550.png,44.57,0.992
00271_0_0.6850.png,40.29,0.978
00271_0_0.9530.png,34.88,0.904
00271_1_0.3700.png,44.56,0.993
00271_1_0.4510.png,48.40,0.997
00271_1_0.7880.png,38.30,0.957
00271_2_0.3630.png,45.64,0.994
00271_2_0.4110.png,45.00,0.993
00271_2_0.8610.png,39.63,0.974
00272_0_0.1570.png,46.37,0.998
00272_0_0.5180.png,45.51,0.994
00272_0_0.9370.png,40.19,0.975
00272_1_0.1290.png,46.52,0.999
00272_1_0.5900.png,41.06,0.983
00272_1_0.9790.png,34.05,0.905
00272_2_0.1140.png,47.65,0.998
00272_2_0.4250.png,42.82,0.990
00272_2_0.7540.png,40.08,0.972
00273_0_0.3880.png,43.91,0.991
00273_0_0.5770.png,40.64,0.982
00273_0_0.9660.png,40.86,0.979
00273_1_0.3920.png,44.41,0.992
00273_1_0.6420.png,41.82,0.982
00273_1_0.8130.png,37.80,0.954
00273_2_0.1420.png,48.46,0.997
00273_2_0.4650.png,43.14,0.989
00273_2_0.7350.png,41.50,0.983
00274_0_0.1900.png,49.35,0.998
00274_0_0.6300.png,44.17,0.992
00274_0_0.9650.png,39.67,0.966
00274_1_0.3530.png,45.04,0.992
00274_1_0.5250.png,46.55,0.994
00274_1_0.7660.png,43.11,0.986
00274_2_0.2550.png,48.17,0.997
00274_2_0.4610.png,45.34,0.993
00274_2_0.9300.png,38.39,0.964
00275_0_0.1690.png,37.95,0.996
00275_0_0.5070.png,38.98,0.991
00275_0_0.8510.png,32.73,0.975
00275_1_0.2490.png,37.90,0.993
00275_1_0.6080.png,33.83,0.980
00275_1_0.8230.png,34.26,0.975
00275_2_0.1460.png,40.15,0.996
00275_2_0.6690.png,34.23,0.974
00275_2_0.7440.png,32.91,0.940
00276_0_0.3880.png,40.72,0.988
00276_0_0.6090.png,39.36,0.979
00276_0_0.9520.png,36.59,0.934
00276_1_0.1170.png,43.50,0.997
00276_1_0.4400.png,42.99,0.991
00276_1_0.9460.png,34.75,0.920
00276_2_0.3810.png,41.33,0.989
00276_2_0.6850.png,37.63,0.972
00276_2_0.9990.png,36.04,0.952
00277_0_0.3380.png,42.80,0.991
00277_0_0.6210.png,40.30,0.984
00277_0_0.7600.png,38.99,0.979
00277_1_0.2020.png,47.30,0.998
00277_1_0.6730.png,38.41,0.975
00277_1_0.8840.png,41.00,0.984
00277_2_0.1290.png,48.22,0.999
00277_2_0.5880.png,42.20,0.990
00277_2_0.7290.png,41.62,0.987
00278_0_0.3440.png,48.48,0.996
00278_0_0.6030.png,45.94,0.992
00278_0_0.9530.png,44.32,0.989
00278_1_0.3380.png,49.01,0.997
00278_1_0.5920.png,48.91,0.996
00278_1_0.8620.png,48.01,0.996
00278_2_0.3730.png,49.01,0.997
00278_2_0.5200.png,47.96,0.995
00278_2_0.8460.png,45.53,0.993
00279_0_0.2020.png,48.68,0.998
00279_0_0.5470.png,44.79,0.995
00279_0_0.9340.png,40.61,0.981
00279_1_0.3950.png,45.47,0.996
00279_1_0.6450.png,43.23,0.994
00279_1_0.9680.png,40.09,0.982
00279_2_0.1740.png,46.12,0.998
00279_2_0.4710.png,44.52,0.995
00279_2_0.9930.png,43.27,0.991
00280_0_0.1720.png,43.22,0.998
00280_0_0.4850.png,35.17,0.984
00280_0_0.7630.png,35.62,0.987
00280_1_0.3700.png,37.11,0.990
00280_1_0.6770.png,32.33,0.973
00280_1_0.8380.png,36.35,0.988
00280_2_0.3150.png,39.39,0.994
00280_2_0.4700.png,38.02,0.993
00280_2_0.9560.png,31.21,0.965
00281_0_0.3370.png,44.92,0.997
00281_0_0.5660.png,41.70,0.992
00281_0_0.8940.png,36.92,0.966
00281_1_0.2110.png,47.43,0.998
00281_1_0.4650.png,40.37,0.995
00281_1_0.8320.png,34.76,0.966
00281_2_0.1350.png,49.74,0.999
00281_2_0.5620.png,43.29,0.993
00281_2_0.8400.png,37.90,0.989
00282_0_0.1450.png,49.41,0.999
00282_0_0.4660.png,42.09,0.994
00282_0_0.9650.png,33.08,0.937
00282_1_0.3540.png,45.84,0.997
00282_1_0.6500.png,39.85,0.994
00282_1_0.9480.png,36.22,0.969
00282_2_0.1740.png,45.79,0.998
00282_2_0.5280.png,43.13,0.995
00282_2_0.9250.png,35.96,0.979
00283_0_0.1230.png,50.87,0.999
00283_0_0.6050.png,39.10,0.959
00283_0_0.7640.png,40.21,0.970
00283_1_0.1270.png,50.10,0.998
00283_1_0.6740.png,39.43,0.963
00283_1_0.7250.png,37.45,0.941
00283_2_0.3600.png,47.36,0.997
00283_2_0.5990.png,40.26,0.969
00283_2_0.8070.png,38.22,0.950
00284_0_0.3360.png,43.66,0.997
00284_0_0.4280.png,39.15,0.993
00284_0_0.7390.png,32.94,0.981
00284_1_0.3870.png,39.42,0.994
00284_1_0.5030.png,36.55,0.986
00284_1_0.9530.png,27.77,0.860
00284_2_0.1610.png,47.62,0.999
00284_2_0.4890.png,36.62,0.987
00284_2_0.8020.png,31.59,0.964
00285_0_0.2840.png,43.17,0.997
00285_0_0.4250.png,41.70,0.995
00285_0_0.7660.png,32.10,0.922
00285_1_0.2410.png,43.85,0.996
00285_1_0.6570.png,37.81,0.983
00285_1_0.7600.png,33.91,0.959
00285_2_0.3970.png,40.11,0.991
00285_2_0.6960.png,35.05,0.971
00285_2_0.8690.png,36.72,0.977
00286_0_0.1230.png,49.23,0.999
00286_0_0.4590.png,41.90,0.992
00286_0_0.8030.png,32.88,0.943
00286_1_0.1800.png,44.98,0.997
00286_1_0.5260.png,41.42,0.991
00286_1_0.9160.png,28.56,0.834
00286_2_0.1130.png,48.43,0.999
00286_2_0.6410.png,37.81,0.981
00286_2_0.9370.png,30.30,0.894
00287_0_0.2310.png,44.74,0.998
00287_0_0.4100.png,40.62,0.993
00287_0_0.7590.png,32.31,0.935
00287_1_0.2980.png,45.65,0.998
00287_1_0.6440.png,38.14,0.986
00287_1_0.7320.png,38.63,0.985
00287_2_0.2960.png,44.00,0.997
00287_2_0.4400.png,40.20,0.992
00287_2_0.7450.png,33.50,0.962
00288_0_0.3670.png,43.15,0.996
00288_0_0.4700.png,40.77,0.993
00288_0_0.9710.png,33.74,0.964
00288_1_0.1470.png,47.62,0.999
00288_1_0.5240.png,37.43,0.985
00288_1_0.9760.png,35.30,0.973
00288_2_0.1220.png,46.75,0.999
00288_2_0.5440.png,36.92,0.984
00288_2_0.7270.png,37.91,0.988
00289_0_0.3360.png,41.09,0.993
00289_0_0.4720.png,38.38,0.990
00289_0_0.7870.png,33.30,0.942
00289_1_0.2360.png,41.76,0.995
00289_1_0.6290.png,35.82,0.980
00289_1_0.8110.png,36.21,0.980
00289_2_0.3240.png,39.39,0.993
00289_2_0.4940.png,36.68,0.979
00289_2_0.8440.png,33.37,0.962
00290_0_0.3910.png,41.32,0.993
00290_0_0.6200.png,41.64,0.993
00290_0_0.7150.png,37.52,0.976
00290_1_0.3190.png,41.94,0.994
00290_1_0.4170.png,40.76,0.991
00290_1_0.9600.png,31.39,0.909
00290_2_0.3080.png,44.11,0.996
00290_2_0.6090.png,39.99,0.989
00290_2_0.9240.png,31.52,0.876
00291_0_0.2540.png,44.17,0.995
00291_0_0.6980.png,44.11,0.993
00291_0_0.7250.png,38.25,0.960
00291_1_0.2480.png,45.77,0.995
00291_1_0.5290.png,42.09,0.984
00291_1_0.7790.png,39.76,0.972
00291_2_0.3420.png,43.46,0.989
00291_2_0.4910.png,44.64,0.993
00291_2_0.8000.png,40.49,0.977
00292_0_0.2670.png,44.28,0.991
00292_0_0.5130.png,42.24,0.986
00292_0_0.7280.png,42.79,0.986
00292_1_0.1640.png,46.09,0.997
00292_1_0.5490.png,42.82,0.988
00292_1_0.8400.png,39.02,0.966
00292_2_0.3520.png,43.57,0.989
00292_2_0.4880.png,44.97,0.992
00292_2_0.9580.png,38.57,0.961
00293_0_0.3620.png,40.63,0.988
00293_0_0.6620.png,36.33,0.946
00293_0_0.7090.png,40.81,0.984
00293_1_0.2900.png,39.08,0.980
00293_1_0.4710.png,38.65,0.981
00293_1_0.7740.png,39.28,0.977
00293_2_0.3670.png,38.37,0.971
00293_2_0.5180.png,40.57,0.985
00293_2_0.8530.png,35.99,0.942
00294_0_0.1430.png,48.00,0.999
00294_0_0.4780.png,42.80,0.993
00294_0_0.7980.png,31.36,0.878
00294_1_0.2360.png,46.60,0.998
00294_1_0.6860.png,34.98,0.958
00294_1_0.9950.png,31.91,0.921
00294_2_0.3520.png,41.87,0.991
00294_2_0.4670.png,39.44,0.987
00294_2_0.7190.png,36.42,0.969
00295_0_0.2080.png,43.43,0.996
00295_0_0.6520.png,34.27,0.950
00295_0_0.9640.png,30.50,0.884
00295_1_0.2700.png,41.83,0.993
00295_1_0.6580.png,35.30,0.958
00295_1_0.9770.png,32.26,0.924
00295_2_0.2870.png,44.25,0.997
00295_2_0.5130.png,40.51,0.991
00295_2_0.7700.png,36.63,0.972
00296_0_0.2510.png,46.13,0.997
00296_0_0.5510.png,40.35,0.987
00296_0_0.8600.png,35.93,0.968
00296_1_0.3150.png,42.58,0.993
00296_1_0.4440.png,39.81,0.986
00296_1_0.9970.png,34.58,0.951
00296_2_0.1870.png,46.89,0.998
00296_2_0.5460.png,39.99,0.986
00296_2_0.9540.png,33.47,0.929
00297_0_0.2950.png,41.02,0.986
00297_0_0.6020.png,39.12,0.981
00297_0_0.8790.png,34.63,0.929
00297_1_0.2050.png,44.80,0.995
00297_1_0.4180.png,40.22,0.982
00297_1_0.7880.png,36.51,0.954
00297_2_0.2750.png,41.46,0.987
00297_2_0.6900.png,38.07,0.973
00297_2_0.9940.png,38.62,0.969
00298_0_0.1800.png,44.16,0.996
00298_0_0.6740.png,38.19,0.981
00298_0_0.7780.png,36.35,0.964
00298_1_0.2210.png,43.28,0.995
00298_1_0.4260.png,40.31,0.986
00298_1_0.7950.png,34.38,0.945
00298_2_0.2570.png,45.00,0.996
00298_2_0.5270.png,37.55,0.978
00298_2_0.7830.png,35.08,0.945
00299_0_0.3090.png,41.99,0.990
00299_0_0.6490.png,40.09,0.981
00299_0_0.8830.png,33.81,0.916
00299_1_0.1560.png,48.50,0.998
00299_1_0.5660.png,38.95,0.977
00299_1_0.7350.png,38.98,0.977
00299_2_0.1400.png,46.88,0.998
00299_2_0.4350.png,43.72,0.994
00299_2_0.7180.png,36.78,0.961
