0001_0.8_0.2.jpg,32.60,0.988
0002_0.8_0.08.jpg,34.06,0.988
0003_0.8_0.2.jpg,32.20,0.976
0004_0.9_0.12.jpg,30.42,0.986
0006_0.85_0.08.jpg,37.02,0.987
0007_0.9_0.16.jpg,32.04,0.984
0009_0.8_0.16.jpg,31.46,0.974
0010_0.95_0.16.jpg,32.65,0.972
0011_0.95_0.16.jpg,38.28,0.984
0014_0.8_0.12.jpg,33.36,0.989
0016_0.8_0.08.jpg,32.53,0.990
0017_0.9_0.08.jpg,35.45,0.987
0018_0.9_0.2.jpg,34.27,0.986
0019_0.8_0.16.jpg,36.53,0.989
0021_0.8_0.08.jpg,34.09,0.988
0022_0.8_0.08.jpg,39.02,0.990
0023_0.85_0.12.jpg,39.22,0.986
0024_0.85_0.08.jpg,38.73,0.968
0025_0.8_0.16.jpg,33.78,0.985
0026_0.95_0.08.jpg,34.52,0.987
0029_0.85_0.08.jpg,35.25,0.987
0030_0.95_0.12.jpg,34.02,0.988
0033_0.85_0.08.jpg,36.20,0.989
0034_0.9_0.16.jpg,36.75,0.989
0036_1_0.08.jpg,35.23,0.993
0039_0.9_0.2.jpg,33.03,0.979
0040_1_0.08.jpg,34.83,0.990
0042_0.8_0.2.jpg,33.41,0.987
0045_0.8_0.16.jpg,34.43,0.988
0046_0.9_0.16.jpg,35.07,0.981
0047_0.9_0.12.jpg,36.43,0.973
0048_0.9_0.2.jpg,34.06,0.984
0049_0.85_0.12.jpg,34.75,0.992
0051_0.8_0.2.jpg,35.28,0.989
0051_0.95_0.12.jpg,37.23,0.992
0052_0.9_0.16.jpg,32.47,0.985
0053_0.9_0.12.jpg,33.55,0.983
0054_0.85_0.16.jpg,35.10,0.987
0055_0.85_0.12.jpg,38.11,0.983
0056_0.8_0.16.jpg,38.69,0.990
0057_0.8_0.12.jpg,32.74,0.989
0058_0.8_0.2.jpg,32.23,0.981
0059_0.9_0.12.jpg,34.32,0.988
0060_0.9_0.2.jpg,30.38,0.961
0061_0.8_0.2.jpg,36.46,0.960
0062_0.9_0.2.jpg,30.21,0.973
0063_0.8_0.16.jpg,31.04,0.983
0064_0.8_0.2.jpg,34.50,0.983
0065_0.9_0.12.jpg,33.52,0.988
0066_1_0.08.jpg,33.68,0.993
0068_1_0.16.jpg,29.29,0.978
0069_0.9_0.16.jpg,32.78,0.973
0070_0.9_0.12.jpg,34.10,0.987
0071_0.8_0.2.jpg,34.79,0.985
0072_0.9_0.2.jpg,31.15,0.949
0073_0.8_0.16.jpg,36.66,0.977
0074_0.8_0.2.jpg,33.12,0.948
0075_0.8_0.2.jpg,32.43,0.987
0076_0.8_0.2.jpg,31.04,0.961
0076_1_0.16.jpg,31.34,0.966
0077_0.8_0.2.jpg,32.85,0.958
0079_0.8_0.12.jpg,34.05,0.986
0081_0.8_0.2.jpg,33.02,0.989
0082_0.85_0.16.jpg,28.30,0.980
0083_0.85_0.12.jpg,34.79,0.983
0084_0.95_0.16.jpg,27.90,0.968
0085_0.95_0.08.jpg,36.48,0.986
0086_0.8_0.2.jpg,32.01,0.970
0086_0.95_0.12.jpg,32.81,0.974
0087_0.9_0.16.jpg,33.62,0.982
0088_0.9_0.12.jpg,39.03,0.991
0089_0.9_0.2.jpg,29.39,0.978
0090_0.85_0.12.jpg,30.27,0.989
0091_0.85_0.2.jpg,29.70,0.980
0092_0.85_0.2.jpg,31.22,0.982
0093_0.8_0.08.jpg,34.69,0.989
0094_0.8_0.2.jpg,31.80,0.983
0095_0.8_0.08.jpg,35.34,0.990
0096_0.8_0.2.jpg,29.61,0.976
0097_0.85_0.08.jpg,35.12,0.991
0098_0.85_0.2.jpg,33.70,0.986
0099_0.9_0.16.jpg,33.17,0.989
0100_0.9_0.12.jpg,33.69,0.988
0101_0.9_0.08.jpg,36.48,0.983
0102_0.85_0.12.jpg,37.35,0.987
0104_0.95_0.12.jpg,35.57,0.977
0105_0.95_0.2.jpg,27.59,0.973
0106_0.9_0.08.jpg,35.52,0.991
0107_0.9_0.08.jpg,37.92,0.991
0108_0.8_0.16.jpg,35.23,0.972
0108_1_0.2.jpg,33.16,0.962
0109_0.85_0.08.jpg,33.91,0.990
0110_0.8_0.12.jpg,36.66,0.989
0111_0.8_0.2.jpg,31.45,0.982
0112_0.8_0.2.jpg,31.23,0.988
0113_0.9_0.08.jpg,35.59,0.974
0115_0.8_0.12.jpg,35.56,0.988
0116_0.9_0.16.jpg,30.95,0.978
0117_0.9_0.12.jpg,32.67,0.988
0118_0.9_0.2.jpg,27.79,0.976
0119_0.85_0.12.jpg,33.41,0.989
0120_0.85_0.08.jpg,35.43,0.986
0121_0.85_0.2.jpg,31.09,0.968
0123_1_0.08.jpg,34.09,0.981
0125_0.8_0.12.jpg,33.83,0.979
0126_0.8_0.2.jpg,34.28,0.983
0127_0.8_0.2.jpg,31.30,0.983
0129_0.8_0.16.jpg,34.16,0.987
0131_0.95_0.08.jpg,35.96,0.982
0132_1_0.08.jpg,34.23,0.988
0133_1_0.2.jpg,29.44,0.975
0134_0.95_0.16.jpg,34.55,0.982
0135_0.95_0.12.jpg,36.57,0.988
0137_0.8_0.2.jpg,31.78,0.984
0138_0.9_0.08.jpg,36.54,0.988
0139_0.85_0.12.jpg,33.23,0.983
0140_0.95_0.12.jpg,31.69,0.984
0141_0.95_0.12.jpg,32.74,0.984
0142_0.95_0.08.jpg,36.24,0.989
0143_1_0.2.jpg,29.81,0.971
0145_0.8_0.12.jpg,32.50,0.985
0146_0.8_0.2.jpg,27.92,0.963
0147_1_0.16.jpg,35.37,0.985
0148_0.9_0.12.jpg,40.06,0.986
0149_0.9_0.08.jpg,35.99,0.983
0150_0.8_0.16.jpg,36.27,0.991
0151_0.8_0.08.jpg,37.97,0.991
0152_0.8_0.2.jpg,31.16,0.985
0153_0.8_0.08.jpg,36.01,0.980
0154_0.8_0.2.jpg,32.66,0.985
0155_1_0.08.jpg,35.49,0.990
0157_0.8_0.08.jpg,36.69,0.992
0158_0.8_0.2.jpg,33.50,0.981
0160_0.9_0.2.jpg,29.80,0.985
0161_0.85_0.08.jpg,36.76,0.992
0162_0.95_0.12.jpg,37.63,0.991
0163_0.95_0.08.jpg,36.04,0.991
0164_0.9_0.2.jpg,34.14,0.982
0165_0.9_0.2.jpg,30.00,0.976
0166_0.8_0.16.jpg,33.85,0.983
0167_0.8_0.12.jpg,34.29,0.983
0168_0.9_0.16.jpg,32.52,0.981
0169_0.9_0.12.jpg,35.08,0.984
0170_0.8_0.2.jpg,31.63,0.976
0171_0.85_0.12.jpg,34.91,0.987
0172_0.85_0.08.jpg,37.41,0.992
0174_0.95_0.08.jpg,32.42,0.987
0175_0.85_0.16.jpg,36.14,0.984
0176_1_0.08.jpg,36.10,0.989
0178_0.8_0.12.jpg,31.10,0.986
0179_0.8_0.2.jpg,33.27,0.984
0180_0.85_0.16.jpg,29.75,0.987
0181_0.9_0.08.jpg,35.19,0.990
0182_0.8_0.16.jpg,30.86,0.975
0183_0.8_0.16.jpg,36.73,0.989
0184_0.95_0.12.jpg,33.33,0.991
0185_1_0.16.jpg,34.87,0.987
0187_0.9_0.2.jpg,32.40,0.985
0188_0.85_0.08.jpg,34.31,0.988
0189_0.85_0.2.jpg,35.39,0.978
0191_1_0.08.jpg,36.69,0.987
0194_1_0.2.jpg,34.08,0.974
0195_1_0.08.jpg,33.68,0.987
0196_0.9_0.2.jpg,32.52,0.982
0197_0.8_0.16.jpg,33.53,0.984
0198_0.95_0.12.jpg,32.63,0.983
0199_1_0.16.jpg,34.92,0.984
0200_1_0.12.jpg,30.52,0.986
0201_1_0.08.jpg,39.56,0.989
0202_0.85_0.12.jpg,30.80,0.975
0204_0.8_0.08.jpg,33.43,0.992
0205_1_0.16.jpg,31.08,0.983
0206_1_0.12.jpg,31.76,0.985
0207_1_0.08.jpg,33.83,0.987
0208_0.8_0.16.jpg,34.24,0.988
0209_0.85_0.08.jpg,36.10,0.984
0210_0.85_0.2.jpg,31.86,0.980
0212_0.9_0.2.jpg,33.48,0.989
0213_1_0.2.jpg,28.91,0.972
0215_0.8_0.08.jpg,35.30,0.942
0216_1_0.12.jpg,31.80,0.987
0217_1_0.2.jpg,31.44,0.978
0218_0.9_0.2.jpg,32.53,0.984
0219_0.85_0.08.jpg,36.95,0.992
0220_0.85_0.2.jpg,29.06,0.977
0222_0.85_0.16.jpg,34.53,0.983
0223_0.95_0.16.jpg,33.39,0.986
0225_0.8_0.2.jpg,36.04,0.981
0226_0.8_0.2.jpg,30.01,0.985
0228_1_0.2.jpg,31.78,0.973
0230_0.9_0.16.jpg,31.30,0.987
0233_0.8_0.12.jpg,34.26,0.990
0235_0.9_0.08.jpg,31.87,0.983
0237_0.8_0.12.jpg,34.56,0.989
0238_0.8_0.2.jpg,36.10,0.988
0239_0.8_0.2.jpg,32.02,0.984
0240_1_0.08.jpg,34.87,0.985
0242_0.8_0.12.jpg,34.69,0.989
0243_0.8_0.08.jpg,39.65,0.991
0244_0.9_0.12.jpg,35.10,0.988
0245_1_0.2.jpg,33.91,0.984
0246_0.85_0.12.jpg,41.30,0.986
0248_0.8_0.08.jpg,41.57,0.991
0249_1_0.12.jpg,34.17,0.971
0251_0.8_0.16.jpg,32.51,0.975
0253_0.8_0.2.jpg,31.74,0.980
0253_1_0.16.jpg,32.91,0.981
0255_0.85_0.08.jpg,37.56,0.988
0256_0.95_0.16.jpg,29.48,0.952
0258_0.8_0.2.jpg,36.17,0.983
0259_0.9_0.08.jpg,37.22,0.982
0260_0.9_0.2.jpg,35.20,0.980
0261_0.85_0.08.jpg,36.06,0.981
0262_0.95_0.12.jpg,35.16,0.974
0263_0.95_0.08.jpg,31.33,0.979
0264_0.95_0.2.jpg,31.92,0.985
0266_0.8_0.12.jpg,35.78,0.991
0267_0.9_0.16.jpg,32.91,0.983
0268_0.9_0.16.jpg,30.31,0.980
0269_0.95_0.2.jpg,34.25,0.987
0270_0.85_0.16.jpg,34.53,0.980
0271_0.85_0.12.jpg,41.05,0.990
0272_0.85_0.08.jpg,34.87,0.990
0273_0.85_0.2.jpg,37.26,0.990
0274_0.95_0.12.jpg,37.59,0.991
0275_1_0.16.jpg,33.54,0.979
0276_1_0.12.jpg,33.15,0.974
0277_1_0.08.jpg,37.75,0.990
0279_0.8_0.12.jpg,33.58,0.988
0280_0.9_0.16.jpg,32.74,0.987
0281_0.9_0.12.jpg,35.08,0.990
0282_0.85_0.16.jpg,35.12,0.990
0283_0.85_0.12.jpg,33.22,0.987
0284_0.8_0.16.jpg,31.70,0.983
0285_0.85_0.2.jpg,32.69,0.982
0286_0.8_0.08.jpg,37.06,0.990
0287_0.8_0.2.jpg,33.87,0.969
0287_0.95_0.08.jpg,37.28,0.983
0288_0.95_0.2.jpg,35.08,0.984
0290_0.85_0.08.jpg,36.44,0.988
0291_0.95_0.12.jpg,36.56,0.988
0292_1_0.16.jpg,33.96,0.985
0294_1_0.2.jpg,34.62,0.985
0295_0.85_0.08.jpg,33.08,0.987
0296_0.95_0.12.jpg,34.27,0.985
0297_0.95_0.08.jpg,34.37,0.989
0298_1_0.12.jpg,34.02,0.977
0299_0.9_0.08.jpg,36.21,0.992
0300_1_0.2.jpg,33.80,0.987
0302_0.9_0.16.jpg,30.41,0.977
0303_0.9_0.12.jpg,33.83,0.990
0304_0.9_0.08.jpg,37.46,0.988
0305_0.9_0.2.jpg,31.28,0.985
0306_0.8_0.16.jpg,29.95,0.983
0307_0.8_0.12.jpg,34.69,0.990
0308_1_0.16.jpg,35.46,0.992
0309_1_0.08.jpg,36.02,0.993
0311_0.8_0.16.jpg,34.59,0.987
0312_0.8_0.12.jpg,33.10,0.989
0313_0.8_0.2.jpg,39.17,0.990
0314_0.9_0.12.jpg,31.56,0.975
0315_0.85_0.16.jpg,31.93,0.983
0316_0.85_0.12.jpg,33.87,0.988
0317_0.85_0.08.jpg,32.88,0.972
0318_0.85_0.2.jpg,35.06,0.980
0319_0.9_0.16.jpg,31.35,0.983
0320_0.9_0.08.jpg,37.24,0.990
0320_1_0.16.jpg,34.53,0.984
0321_1_0.12.jpg,35.27,0.975
0323_0.8_0.16.jpg,30.60,0.982
0324_0.8_0.12.jpg,36.06,0.990
0325_0.9_0.16.jpg,34.13,0.990
0326_0.9_0.12.jpg,36.66,0.990
0327_1_0.08.jpg,35.18,0.988
0329_0.8_0.12.jpg,35.27,0.983
0330_0.8_0.08.jpg,37.63,0.992
0330_0.95_0.12.jpg,34.50,0.989
0331_0.95_0.12.jpg,33.73,0.988
0332_0.95_0.08.jpg,33.75,0.986
0333_0.95_0.2.jpg,27.34,0.976
0334_1_0.08.jpg,35.33,0.989
0335_1_0.2.jpg,32.30,0.985
0337_0.8_0.08.jpg,37.60,0.992
0338_0.9_0.12.jpg,36.04,0.991
0340_0.85_0.08.jpg,33.91,0.980
0341_0.85_0.2.jpg,26.30,0.969
0342_0.95_0.08.jpg,37.02,0.991
0343_0.95_0.2.jpg,31.62,0.980
0344_0.85_0.16.jpg,36.46,0.987
0345_0.85_0.12.jpg,38.03,0.983
0346_0.95_0.16.jpg,29.63,0.977
0348_0.8_0.2.jpg,34.32,0.968
0349_0.9_0.08.jpg,31.75,0.982
0350_0.85_0.12.jpg,34.05,0.985
0351_0.95_0.16.jpg,33.95,0.988
0353_0.9_0.12.jpg,37.19,0.984
0354_0.9_0.08.jpg,30.79,0.976
0355_0.85_0.12.jpg,35.12,0.987
0356_0.85_0.08.jpg,33.42,0.983
0357_0.95_0.12.jpg,32.34,0.977
0359_0.85_0.16.jpg,31.53,0.964
0361_0.85_0.2.jpg,32.16,0.981
0362_0.95_0.08.jpg,34.35,0.989
0364_0.85_0.12.jpg,32.38,0.978
0366_0.9_0.16.jpg,30.54,0.984
0369_0.85_0.2.jpg,35.68,0.977
0371_0.9_0.08.jpg,33.11,0.968
0372_0.85_0.12.jpg,33.26,0.976
0375_0.85_0.16.jpg,33.65,0.989
0380_0.85_0.2.jpg,32.93,0.983
0382_0.9_0.08.jpg,34.13,0.988
0383_0.9_0.2.jpg,29.63,0.956
0385_0.8_0.08.jpg,36.49,0.971
0386_1_0.12.jpg,29.97,0.975
0388_0.95_0.16.jpg,32.40,0.961
0390_0.9_0.12.jpg,32.47,0.979
0391_1_0.08.jpg,34.63,0.985
0392_1_0.2.jpg,31.05,0.984
0393_1_0.2.jpg,28.86,0.985
0395_0.95_0.08.jpg,33.74,0.991
0397_0.85_0.12.jpg,30.49,0.984
0399_0.8_0.08.jpg,36.15,0.984
0400_0.9_0.12.jpg,35.40,0.976
0402_0.8_0.16.jpg,33.05,0.984
0404_0.8_0.2.jpg,36.50,0.971
0405_1_0.08.jpg,37.58,0.978
0406_1_0.2.jpg,29.59,0.986
0407_0.95_0.16.jpg,34.50,0.987
0409_1_0.12.jpg,28.23,0.983
0411_0.95_0.16.jpg,30.93,0.984
0413_0.95_0.2.jpg,31.26,0.983
1001_0.8_0.16.jpg,34.72,0.983
1002_1_0.16.jpg,35.77,0.989
1005_0.8_0.12.jpg,35.95,0.989
1006_1_0.16.jpg,32.76,0.985
1007_0.95_0.08.jpg,40.48,0.987
1008_0.9_0.12.jpg,37.19,0.981
1009_0.85_0.12.jpg,33.09,0.989
1010_0.85_0.08.jpg,34.05,0.989
1011_0.95_0.12.jpg,32.51,0.979
1012_0.95_0.08.jpg,35.22,0.990
1015_0.8_0.12.jpg,31.60,0.985
1016_0.9_0.16.jpg,36.72,0.988
1018_0.85_0.12.jpg,36.87,0.989
1020_0.95_0.08.jpg,33.47,0.989
1022_0.85_0.12.jpg,37.62,0.987
1027_0.8_0.08.jpg,36.18,0.988
1030_0.95_0.12.jpg,33.83,0.982
1034_0.9_0.16.jpg,37.48,0.988
1037_0.8_0.12.jpg,36.09,0.991
1038_1_0.16.jpg,34.21,0.989
1040_1_0.2.jpg,28.97,0.983
1042_0.95_0.08.jpg,35.02,0.987
1044_0.85_0.12.jpg,39.52,0.986
1046_0.9_0.16.jpg,36.87,0.986
1048_0.9_0.2.jpg,34.59,0.983
1050_0.8_0.08.jpg,36.21,0.988
1051_1_0.12.jpg,35.69,0.988
1053_0.95_0.16.jpg,32.10,0.985
1055_0.95_0.2.jpg,30.84,0.988
1057_0.95_0.16.jpg,35.17,0.987
1059_0.95_0.2.jpg,28.27,0.976
1060_0.85_0.16.jpg,34.95,0.988
1063_0.9_0.12.jpg,33.01,0.988
1709_0.95_0.08.jpg,33.25,0.960
1712_0.8_0.08.jpg,36.94,0.987
1713_1_0.08.jpg,36.68,0.991
1714_1_0.2.jpg,30.77,0.964
1716_0.95_0.12.jpg,36.50,0.983
1718_0.9_0.2.jpg,32.29,0.980
1722_0.95_0.16.jpg,32.03,0.975
1724_0.95_0.2.jpg,32.29,0.983
1726_0.85_0.12.jpg,36.57,0.987
1728_0.9_0.12.jpg,33.48,0.987
1730_0.85_0.08.jpg,33.34,0.983
1731_0.85_0.2.jpg,31.09,0.969
1732_0.95_0.2.jpg,29.58,0.965
1734_1_0.08.jpg,33.33,0.975
1736_0.8_0.08.jpg,34.08,0.989
1738_1_0.2.jpg,29.32,0.976
1741_0.85_0.16.jpg,28.29,0.972
1742_0.85_0.12.jpg,31.89,0.985
1743_0.85_0.08.jpg,38.11,0.990
1744_0.85_0.08.jpg,35.39,0.982
1747_0.8_0.16.jpg,30.21,0.958
1749_0.8_0.2.jpg,31.93,0.958
1753_0.9_0.08.jpg,31.95,0.986
1756_0.9_0.12.jpg,33.75,0.988
1757_0.85_0.16.jpg,36.66,0.988
1759_0.8_0.12.jpg,32.87,0.977
1760_1_0.16.jpg,34.38,0.988
1765_0.85_0.12.jpg,34.44,0.988
1771_1_0.08.jpg,30.16,0.982
1774_0.95_0.2.jpg,28.07,0.971
1778_0.9_0.08.jpg,35.34,0.987
1781_0.8_0.2.jpg,32.63,0.985
1784_0.8_0.08.jpg,36.71,0.991
1790_1_0.16.jpg,36.68,0.974
1800_1_0.16.jpg,32.13,0.983
1805_0.85_0.12.jpg,35.72,0.987
1812_1_0.16.jpg,30.98,0.966
1815_1_0.2.jpg,29.88,0.949
1818_0.85_0.12.jpg,33.19,0.986
1821_0.8_0.08.jpg,37.73,0.988
1822_1_0.08.jpg,36.67,0.987
1824_0.95_0.08.jpg,38.23,0.971
1826_0.9_0.08.jpg,32.86,0.985
1828_0.85_0.08.jpg,39.05,0.992
1831_0.8_0.16.jpg,29.57,0.986
1832_0.95_0.08.jpg,35.45,0.974
1834_1_0.08.jpg,33.44,0.987
1837_0.9_0.08.jpg,38.57,0.987
1839_0.8_0.12.jpg,33.13,0.984
1840_0.85_0.08.jpg,36.49,0.992
1843_0.8_0.12.jpg,33.67,0.963
1845_0.9_0.08.jpg,36.61,0.988
1846_0.9_0.08.jpg,33.19,0.974
1848_0.8_0.12.jpg,32.51,0.985
1849_1_0.12.jpg,32.21,0.981
1851_0.85_0.08.jpg,33.07,0.975
1852_0.85_0.08.jpg,39.44,0.980
1853_0.85_0.08.jpg,38.75,0.990
1855_0.9_0.08.jpg,35.25,0.991
1857_0.8_0.12.jpg,33.84,0.976
1858_0.95_0.08.jpg,34.23,0.978
1859_0.85_0.16.jpg,34.13,0.990
1861_0.85_0.2.jpg,31.82,0.966
1862_0.8_0.12.jpg,32.88,0.973
1863_1_0.08.jpg,30.16,0.982
1865_0.85_0.08.jpg,36.43,0.991
1867_0.8_0.2.jpg,29.58,0.977
1868_1_0.08.jpg,36.00,0.985
1869_1_0.2.jpg,24.10,0.983
1871_0.95_0.08.jpg,34.07,0.986
1872_0.95_0.08.jpg,38.01,0.988
1873_0.85_0.16.jpg,33.82,0.987
1874_0.85_0.12.jpg,35.18,0.977
1875_0.85_0.08.jpg,35.99,0.985
1876_1_0.16.jpg,26.19,0.950
1877_0.9_0.12.jpg,34.28,0.974
1878_0.9_0.12.jpg,35.81,0.988
1879_0.9_0.08.jpg,34.60,0.981
1880_0.9_0.08.jpg,36.97,0.988
1881_0.8_0.16.jpg,32.77,0.985
1882_0.85_0.2.jpg,26.14,0.960
1883_0.8_0.12.jpg,35.91,0.987
1887_0.95_0.08.jpg,34.33,0.977
1889_0.85_0.08.jpg,39.88,0.973
1891_0.9_0.16.jpg,33.40,0.981
1893_0.9_0.2.jpg,33.53,0.960
1896_0.9_0.08.jpg,34.23,0.985
1898_0.85_0.08.jpg,35.84,0.990
1899_0.8_0.08.jpg,33.06,0.976
1900_0.8_0.08.jpg,32.18,0.978
1903_0.95_0.08.jpg,34.18,0.982
1909_0.85_0.2.jpg,32.77,0.977
1913_0.95_0.08.jpg,34.99,0.991
1915_1_0.08.jpg,38.00,0.989
1917_0.95_0.2.jpg,34.32,0.972
1919_1_0.08.jpg,35.50,0.990
1920_0.95_0.16.jpg,29.39,0.985
1921_0.95_0.08.jpg,35.03,0.983
1923_0.9_0.08.jpg,34.74,0.984
1924_0.85_0.12.jpg,35.95,0.989
1926_0.9_0.16.jpg,34.40,0.988
1927_0.9_0.08.jpg,37.08,0.989
1928_0.9_0.08.jpg,35.78,0.990
1930_0.8_0.08.jpg,35.03,0.978
1931_0.8_0.08.jpg,30.64,0.973
1932_0.8_0.2.jpg,33.07,0.984
1933_0.8_0.2.jpg,33.22,0.987
1934_1_0.08.jpg,34.30,0.988
1936_0.95_0.08.jpg,34.97,0.990
1938_0.85_0.12.jpg,35.23,0.992
1940_0.9_0.16.jpg,32.87,0.991
1942_0.85_0.08.jpg,37.14,0.989
1944_0.9_0.16.jpg,30.93,0.980
1945_0.9_0.12.jpg,26.97,0.981
1947_0.8_0.16.jpg,31.37,0.976
1949_0.8_0.2.jpg,30.29,0.988
1950_1_0.08.jpg,33.42,0.986
1953_0.8_0.2.jpg,32.34,0.986
1954_1_0.08.jpg,32.79,0.987
1956_0.8_0.12.jpg,32.61,0.980
1958_0.9_0.08.jpg,37.91,0.995
1960_0.85_0.2.jpg,31.06,0.978
1962_0.9_0.08.jpg,37.47,0.990
1964_0.85_0.2.jpg,31.70,0.986
1966_0.9_0.08.jpg,33.87,0.984
1968_0.8_0.12.jpg,38.42,0.988
1970_0.9_0.08.jpg,33.99,0.985
1971_1_0.08.jpg,33.34,0.988
1973_0.95_0.08.jpg,34.78,0.988
1975_0.85_0.12.jpg,36.65,0.960
1977_0.8_0.08.jpg,35.49,0.992
1981_0.8_0.2.jpg,30.64,0.970
1982_1_0.08.jpg,32.63,0.971
1984_0.85_0.08.jpg,37.00,0.985
1986_0.9_0.08.jpg,35.88,0.986
1988_0.8_0.12.jpg,31.09,0.974
